price,area_m2,lot_m2,year_built,bedrooms,bathrooms,garage_cars,neighborhood
215000,153.8,2951,1960,3,1,2,North_Ames
105000,83.2,1080,1961,2,1,1,North_Ames
172000,123.5,1325,1958,3,1,1,North_Ames
244000,196,1037,1968,3,2,2,North_Ames
189900,151.3,1285,1997,3,2,2,Gilbert
195500,149,927,1998,3,2,2,Gilbert
213500,124.3,457,2001,2,2,2,Stone_Brook
191500,118.9,465,1992,2,2,2,Stone_Brook
236500,150.1,501,1995,2,2,2,Stone_Brook
189000,167.6,697,1999,3,2,2,Gilbert
175900,153.7,929,1993,3,2,2,Gilbert
185000,110.3,741,1992,3,2,2,Gilbert
180400,136.1,781,1998,3,2,2,Gilbert
171500,124.6,945,1990,2,1,2,Gilbert
212000,139.5,634,1985,1,1,2,Stone_Brook
538000,304.6,4971,2003,4,3,3,Stone_Brook
164000,162.8,1127,1988,4,2,2,Gilbert
394432,172.4,1059,2010,1,1,3,Stone_Brook
141000,80.3,1778,1951,2,1,2,Gilbert
210000,192.6,1224,1978,3,2,2,Northwest_Ames
190000,171.3,1092,1977,3,2,2,Northwest_Ames
170000,109,987,1974,3,2,2,Northwest_Ames
216000,155.5,697,2000,3,2,2,Somerset
149000,93.3,1044,1970,2,1,2,North_Ames
149900,100.1,1165,1971,3,1,2,North_Ames
142000,98.1,785,1968,3,1,1,North_Ames
126000,81.9,780,1970,2,1,2,North_Ames
115000,80.3,975,1971,3,1,0,North_Ames
184000,124.2,544,1999,2,2,2,North_Ames
96000,91.7,156,1971,2,1,1,Briardale
105500,101.4,156,1971,3,1,1,Briardale
88000,101.4,156,1971,3,1,1,Briardale
127500,99.3,376,1977,2,2,2,Northpark_Villa
149900,135.3,212,1975,3,2,2,Northpark_Villa
120000,77.7,212,1975,2,1,1,Northpark_Villa
146000,135.3,212,1978,3,2,2,Northpark_Villa
376162,216.8,1195,2009,3,2,3,Northridge_Heights
306000,158.3,1066,2007,3,2,3,Northridge_Heights
395192,180.2,944,2009,3,2,3,Northridge_Heights
290941,143.4,1197,2009,3,2,3,Northridge_Heights
220000,143.2,1132,2005,3,2,2,Northridge_Heights
275000,157.7,1070,2005,3,2,3,Northridge_Heights
259000,169.3,1312,2005,3,2,3,Northridge_Heights
214000,142.6,945,2004,3,2,2,Northridge_Heights
611657,219.6,1200,2009,2,2,3,Northridge_Heights
224000,126.2,592,2009,2,2,2,Northridge_Heights
500000,250.5,1328,2003,3,2,3,Northridge_Heights
320000,209,1268,2002,3,2,3,Northridge_Heights
319900,162.8,711,2005,2,2,2,Northridge_Heights
205000,127.3,663,2006,2,2,2,Northridge_Heights
175500,151.1,244,2003,2,2,2,Northridge_Heights
199500,123,1718,2005,3,2,2,Gilbert
160000,106.4,298,2006,2,2,2,Bloomington_Heights
192000,117.9,296,2004,2,2,2,Bloomington_Heights
184500,127.6,1236,2004,3,2,2,Gilbert
216500,182.1,729,2002,4,2,2,Gilbert
185088,161,797,2004,3,2,2,Gilbert
180000,132.8,720,2000,3,2,2,Gilbert
222500,189.1,883,2001,3,2,2,Gilbert
333168,241.4,1373,1999,4,2,3,Northridge
355000,229.9,1620,1998,4,2,3,Northridge
260400,159.8,984,1996,3,2,2,Northridge
325000,243.6,1139,1994,3,2,2,Northridge
290000,210.9,1093,1999,4,2,3,Northridge
221000,170.8,1558,1998,4,2,2,Northridge
410000,300.8,1367,1995,4,2,3,Northridge
221500,148.2,835,2005,2,2,3,Somerset
204500,113.2,856,2009,2,2,2,Somerset
215200,143.7,803,2009,3,2,2,Somerset
262500,145.5,836,2008,3,2,2,Somerset
254900,180.9,1166,2004,3,2,2,Somerset
271500,136.4,970,2005,2,2,2,Somerset
233000,193.6,942,2004,4,2,2,Sawyer_West
181000,154.1,1107,2004,3,2,2,Sawyer_West
205000,196,825,1994,3,2,2,Sawyer_West
143000,85.7,744,1980,2,2,1,Sawyer_West
189000,171.4,1042,1992,3,2,2,Sawyer_West
99500,85.3,733,1979,2,2,1,Sawyer_West
125000,69.9,667,1984,2,1,1,Sawyer_West
194500,162,878,1993,3,2,2,Sawyer_West
152000,101.9,899,1984,3,2,2,Sawyer_West
171000,145.3,780,1980,3,2,2,Sawyer_West
67500,94,910,1920,2,1,1,Sawyer_West
112000,176.7,830,1978,4,2,2,Sawyer
148000,107.3,1095,1961,3,1,2,Sawyer
138500,83.1,785,1965,3,1,1,Sawyer
122000,83.6,912,1967,3,1,1,Sawyer
133000,96.6,697,1963,3,1,1,Sawyer
127000,96.6,641,1962,3,1,1,Sawyer
169000,138.8,1432,1974,3,2,2,Sawyer
190000,178.6,946,1992,3,2,2,Northridge
362500,218.2,1221,1993,4,2,3,Northridge
285000,206.7,1034,1992,4,2,3,Northridge
260000,138.2,449,2004,2,2,2,Somerset
190000,156.1,327,2004,2,2,2,Somerset
155000,111.5,299,2004,2,2,2,Somerset
151000,111.5,296,2004,2,2,2,Somerset
149500,111.5,236,2004,2,2,2,Somerset
152000,114.8,236,2005,2,2,2,Somerset
222000,137.3,409,2009,2,2,2,Somerset
177500,146.1,197,2000,3,2,2,Somerset
177000,140.5,277,2000,2,2,2,Somerset
155000,131.5,239,1999,3,2,2,Somerset
147110,100.3,223,2003,2,2,2,Somerset
267916,131.7,1194,2010,1,1,3,Somerset
254000,171.7,686,2000,3,2,2,Somerset
155000,73.2,411,1980,1,1,2,Greens
206000,113.9,360,1978,1,1,2,Greens
130500,137.4,1256,1976,3,2,2,Sawyer
230000,138.6,743,2002,3,2,2,Somerset
218500,169.9,971,1967,4,2,2,Northwest_Ames
243500,231.8,1002,1993,4,2,2,Northwest_Ames
205000,149.6,985,1977,3,2,2,Northwest_Ames
212500,175.7,1750,1978,3,3,2,Northwest_Ames
196500,159.2,968,1988,3,2,2,Northwest_Ames
197500,128.3,870,1972,3,1,2,Northwest_Ames
171000,152.8,892,1971,4,1,2,Northwest_Ames
142250,114.5,892,1966,3,1,2,North_Ames
143000,123.4,909,1963,3,1,2,Northwest_Ames
128950,113.8,866,1959,3,1,0,North_Ames
159000,112.3,920,1966,3,1,2,North_Ames
178900,140.3,899,1967,3,2,2,North_Ames
136300,164.9,985,1964,3,2,2,North_Ames
180500,107,1311,1964,3,1,2,North_Ames
137500,97.9,818,1963,3,1,2,North_Ames
84900,160.5,1232,1962,6,2,0,North_Ames
142125,100.1,903,1950,2,1,1,North_Ames
197600,228.6,903,1952,3,2,2,North_Ames
172500,144.6,1613,1949,3,2,2,North_Ames
116500,79.7,670,1958,2,1,0,Brookside
76500,121.3,497,1940,3,1,0,Brookside
128000,98.8,922,1954,3,1,1,North_Ames
153000,141.2,892,1955,3,1,1,North_Ames
132000,117.8,725,1954,2,1,1,North_Ames
178000,104.8,1057,1966,2,1,1,North_Ames
154300,211.3,1078,1960,5,2,2,North_Ames
180000,205,1849,1970,3,2,2,North_Ames
190000,175.4,1532,1966,2,2,2,North_Ames
135000,149,768,1958,4,2,2,North_Ames
214000,137.5,762,2003,3,2,2,North_Ames
136000,106.2,748,1959,3,1,1,North_Ames
165500,157.9,980,1959,4,1,2,North_Ames
145000,122.1,780,1957,3,1,1,North_Ames
148000,110.9,814,1959,3,1,1,North_Ames
142000,110.4,1130,1959,3,1,2,North_Ames
167500,117.4,864,1960,3,1,2,North_Ames
108538,112,996,1959,3,1,1,North_Ames
159500,146.8,932,1959,3,1,2,North_Ames
108000,124.2,779,1956,3,1,1,North_Ames
135000,98.8,1017,1952,2,1,1,North_Ames
122500,90.3,1012,1955,3,1,1,North_Ames
119000,91.8,1262,1958,2,1,1,North_Ames
109000,98.2,736,1953,3,1,1,North_Ames
105000,91.5,734,1920,2,1,2,North_Ames
107500,76.8,669,1955,2,1,1,North_Ames
144900,100.9,948,1954,3,1,2,North_Ames
129000,87,545,1956,2,1,1,North_Ames
97500,135.4,1626,1948,3,1,1,North_Ames
144000,98.1,648,1980,0,0,2,Old_Town
162000,119.6,913,1959,3,1,2,North_Ames
242000,276.7,1047,1967,5,2,2,North_Ames
132000,113.7,749,1948,3,1,1,North_Ames
154000,115.8,697,1959,3,1,1,North_Ames
166000,128.7,792,1952,4,2,2,North_Ames
134800,83.6,669,1951,3,1,2,North_Ames
160000,103.7,929,1962,3,1,2,North_Ames
148000,109.2,709,1960,3,1,2,North_Ames
192000,129.6,907,1963,2,1,2,North_Ames
155000,170.8,715,1966,4,1,2,North_Ames
80400,171.3,446,1900,3,1,1,Old_Town
96500,105.9,818,1910,3,1,0,Old_Town
109500,87,417,1920,2,1,0,Old_Town
115000,95.5,832,1927,2,1,2,Old_Town
143000,125.1,539,1957,3,1,2,Old_Town
107400,149.1,538,1915,3,2,1,Old_Town
80000,69.4,428,1945,2,1,1,Old_Town
119000,74.7,669,1940,2,1,1,Old_Town
130000,122.3,511,1929,3,1,2,Old_Town
119000,116.2,641,1938,3,1,1,Old_Town
129000,151.7,1101,1948,3,1,1,Old_Town
100000,115.7,765,1920,3,1,1,Old_Town
12789,77.3,897,1923,2,1,2,Old_Town
105900,66.9,792,1928,2,1,2,Old_Town
150000,145.5,892,1900,3,2,1,Old_Town
139000,153.5,1003,1915,4,2,1,Old_Town
240000,210.7,836,1890,3,3,2,Old_Town
76500,209.6,840,1910,4,2,0,Old_Town
149700,114.8,688,1957,2,1,2,Old_Town
125500,126.6,719,1910,3,1,2,Old_Town
122500,212.7,1053,1885,4,2,2,Old_Town
140750,136.6,981,1922,2,1,2,Old_Town
128500,149.8,542,1950,3,1,1,Brookside
209500,192.1,724,1922,3,1,1,Brookside
87000,71.1,464,1925,2,1,1,Brookside
134000,105.2,557,1939,2,1,1,Brookside
128000,111.1,557,1940,3,1,2,Brookside
132000,135,591,1942,3,1,1,Brookside
139900,131.5,557,1948,3,1,1,Brookside
123900,96.6,580,1936,2,1,2,Brookside
138400,142.7,580,1930,4,2,2,Brookside
109500,99.2,569,1923,2,1,1,Old_Town
140000,158.9,957,1921,3,2,2,Old_Town
149500,182.3,752,1915,4,1,2,Old_Town
159900,144.9,1198,1912,3,1,0,Old_Town
122000,123,285,1920,3,1,1,Old_Town
110000,75.8,787,1963,2,1,2,Iowa_DOT_and_Rail_Road
55000,101.4,520,1930,3,2,0,Iowa_DOT_and_Rail_Road
140000,168.3,709,1900,4,2,2,Old_Town
244400,223.2,2238,1940,4,2,1,Clear_Creek
173000,155.6,1418,1959,3,2,1,Clear_Creek
107500,113.7,988,1917,3,1,1,Clear_Creek
100000,129.3,920,1915,3,1,0,South_and_West_of_Iowa_State_University
95000,85.4,557,1940,3,1,1,South_and_West_of_Iowa_State_University
93369,175,599,1907,4,1,0,South_and_West_of_Iowa_State_University
114900,156.1,562,1910,2,2,2,South_and_West_of_Iowa_State_University
94000,94.8,589,1875,2,1,0,Sawyer
136000,170.2,1001,1967,4,2,0,Sawyer
136500,164.2,1001,1968,4,2,0,Sawyer
131500,96.5,1080,1965,3,1,2,Sawyer
121500,129.3,1054,1957,3,1,2,Sawyer
125000,84.7,792,1967,3,1,1,Sawyer
154000,98.5,766,1968,3,1,1,Sawyer
137900,82.9,725,1966,3,1,1,Sawyer
158000,125.6,870,1969,4,1,1,Sawyer
137250,80.3,728,1968,2,1,1,Sawyer
160250,127.6,690,1978,3,1,2,Sawyer
163000,133.8,1043,1968,4,1,2,Sawyer
158900,128.8,1079,1978,3,2,2,Sawyer
328000,210,1301,1996,3,2,2,Clear_Creek
270000,137.8,1864,1977,1,1,2,Clear_Creek
85000,70.2,860,1927,2,1,2,Sawyer
128000,99.1,892,1950,2,2,2,Sawyer
260000,141.6,2192,1979,0,0,2,Clear_Creek
230000,184,1587,1978,4,2,2,Clear_Creek
124000,149.6,1728,1938,4,2,1,Edwards
83000,77.6,987,1920,2,1,1,Edwards
144500,99.8,1066,1950,3,1,1,Edwards
129000,106.3,889,1956,3,1,1,Edwards
127000,142.2,869,1947,3,1,1,Edwards
128000,108.9,885,1954,3,1,1,Edwards
186000,112.6,968,2009,3,2,2,Edwards
308030,140.1,1624,2009,1,1,2,Edwards
114000,120.6,1040,1964,3,2,2,Edwards
84900,86.4,1031,1946,2,1,1,Edwards
178000,160.9,855,1985,3,2,2,Sawyer_West
270000,133.1,1113,1987,1,1,2,Sawyer_West
218000,167.4,1148,1993,3,2,4,Sawyer_West
236000,181.1,923,1993,3,2,2,Sawyer_West
147000,92.5,843,1992,2,1,2,Sawyer_West
245350,157.4,973,2008,3,2,3,College_Creek
206000,112.2,628,2006,2,2,2,College_Creek
198900,113.9,966,2009,3,2,3,College_Creek
187000,113.5,684,2010,2,2,2,College_Creek
320000,299.3,1150,1990,5,3,3,Sawyer_West
138500,134.2,1322,1900,3,2,2,Sawyer_West
155000,97.7,819,1971,3,1,2,Clear_Creek
159000,89.6,1032,1996,2,1,2,College_Creek
191000,157.2,867,1997,3,2,2,College_Creek
200500,156.3,813,1998,3,2,2,College_Creek
150000,95.3,1416,1977,3,1,1,College_Creek
161750,129.3,1013,1977,3,1,1,College_Creek
128200,83.1,989,1976,3,1,1,College_Creek
127000,81.4,695,1972,3,1,2,College_Creek
318000,183.8,965,2003,3,2,3,College_Creek
272000,148.7,1061,2001,3,2,2,College_Creek
237000,169.9,887,2003,3,2,2,College_Creek
240000,194.9,871,1997,4,2,2,College_Creek
224900,154.3,1128,1998,3,2,2,College_Creek
143750,78.8,412,2003,1,1,2,College_Creek
143000,78.8,411,2004,1,1,2,College_Creek
232000,155,988,2003,3,2,2,College_Creek
213000,137.9,780,2004,3,2,2,College_Creek
185500,131.4,815,2004,3,2,2,College_Creek
84900,59.5,815,1945,2,1,1,Edwards
155891,92.2,821,1954,3,1,1,Edwards
100000,154.6,913,1965,4,2,0,Edwards
144000,111.1,933,1968,3,1,1,Edwards
64000,104,1095,1948,2,1,2,Edwards
125200,101.8,586,1975,3,1,1,Edwards
107000,103.8,726,1976,3,1,2,Edwards
90000,89.2,595,1958,3,1,0,Edwards
140000,104.1,794,2003,2,2,2,Edwards
113000,138.1,812,1945,3,1,1,Edwards
80000,85.8,1132,1941,2,1,1,Edwards
144500,141.8,795,1957,4,1,1,Edwards
104000,120.4,451,1924,2,2,1,South_and_West_of_Iowa_State_University
128000,153,637,1915,4,1,1,South_and_West_of_Iowa_State_University
58500,80.3,763,1914,2,1,1,Edwards
127000,157.1,464,1924,3,2,1,South_and_West_of_Iowa_State_University
126000,79.5,733,1939,2,1,2,South_and_West_of_Iowa_State_University
160000,246.2,669,1967,6,3,0,South_and_West_of_Iowa_State_University
100000,154.8,914,1931,3,1,0,South_and_West_of_Iowa_State_University
169000,227.3,895,1919,4,2,1,South_and_West_of_Iowa_State_University
257500,198.2,971,1941,4,1,1,Crawford
215000,202.2,1449,1950,5,2,2,Crawford
266500,217.4,840,1941,4,2,1,Crawford
335000,176.7,1626,1959,3,2,2,Crawford
203135,153.5,1825,1994,3,2,2,Crawford
185000,96.1,363,1989,1,1,2,Blueste
162500,110.6,363,1989,2,2,2,Blueste
289000,167.3,1449,1959,1,2,2,Crawford
125500,107.2,505,1922,3,1,1,Iowa_DOT_and_Rail_Road
82000,50.2,758,1941,1,1,1,Iowa_DOT_and_Rail_Road
110000,102.8,849,1921,2,1,1,Iowa_DOT_and_Rail_Road
68400,104.8,697,1920,2,1,2,Iowa_DOT_and_Rail_Road
102776,109.4,809,1900,2,1,1,Iowa_DOT_and_Rail_Road
55993,97,809,1952,2,1,2,Iowa_DOT_and_Rail_Road
50138,88.4,809,1896,3,1,1,Iowa_DOT_and_Rail_Road
246000,152.9,354,2004,2,2,2,Crawford
254900,178,1027,1998,3,2,3,Mitchell
190000,119.4,894,1977,3,2,2,Mitchell
201000,144.9,854,2003,3,2,2,Mitchell
169900,96.1,1145,1976,3,1,3,Mitchell
170000,190.3,1185,1976,5,3,2,Mitchell
160000,156.7,5314,1948,3,1,2,Timberland
220000,125,1105,2008,3,2,3,Timberland
179781,112.8,911,2009,2,2,2,Timberland
174000,134.1,911,2006,3,2,2,Timberland
269500,182.8,1115,2009,4,2,3,Timberland
214900,176,1051,2002,4,2,2,Timberland
202900,177.3,1318,2002,4,2,2,Timberland
378500,187.5,1228,2008,3,2,3,Timberland
169000,117.4,1421,1965,2,1,2,Mitchell
173500,132.8,940,2004,3,2,2,Mitchell
139000,169.4,873,1971,4,2,0,Mitchell
166500,124.9,1103,1999,3,2,2,Mitchell
83500,101.4,183,1973,3,1,1,Meadow_Village
119500,87.8,222,1973,2,1,1,Meadow_Village
85000,103.3,241,1976,3,1,1,Meadow_Village
76000,101.4,137,1970,3,1,0,Meadow_Village
75500,58.5,139,1972,1,1,0,Meadow_Village
88250,101.4,177,1970,3,1,0,Meadow_Village
85500,101.4,176,1972,3,1,1,Meadow_Village
130000,81.2,646,1971,3,1,1,Mitchell
157900,110.4,2429,1962,3,1,1,Mitchell
149900,77.4,1197,1984,2,1,2,Mitchell
159000,225.9,715,1985,4,4,2,Mitchell
136000,118.4,973,1991,3,1,2,Mitchell
161000,137.4,980,1969,5,2,1,Mitchell
285000,167.5,919,1994,3,2,2,Mitchell
231000,166.9,1204,1993,3,2,2,Mitchell
124500,81.9,1208,1956,2,1,1,North_Ames
157000,133.2,948,1974,4,2,2,North_Ames
345000,251.2,1288,1972,4,2,2,North_Ames
189500,149.4,946,1997,3,2,2,Gilbert
270000,212.1,1095,2003,4,2,3,Gilbert
189000,151.2,780,1996,3,2,2,Gilbert
377500,162.2,1383,2006,3,2,3,Gilbert
168500,136.9,792,1995,3,2,2,Gilbert
375000,234.3,678,2004,1,2,2,Stone_Brook
278000,154.1,526,2000,2,2,2,Stone_Brook
240000,137.3,686,1998,2,2,2,Stone_Brook
239500,161.1,744,1995,2,2,2,Stone_Brook
177500,128.4,829,1998,3,2,2,Gilbert
185000,159.6,942,1998,3,2,2,Gilbert
191000,152,697,1998,3,2,2,Gilbert
178000,145.9,728,1993,3,2,2,Gilbert
185000,136.6,907,1993,3,2,2,Gilbert
181316,140.8,818,1994,3,2,2,Gilbert
166000,110.6,674,1993,3,2,2,Gilbert
178000,148,895,1992,3,2,2,Gilbert
174000,137.6,755,1994,3,2,2,Gilbert
173000,108.4,859,1992,3,2,2,Gilbert
225000,184.2,1000,1999,3,2,2,Gilbert
180500,134,1101,1990,3,2,2,Gilbert
187500,126.3,540,1984,1,1,2,Stone_Brook
501837,207.5,1619,2008,1,2,3,Stone_Brook
372500,190.1,1100,2008,3,2,3,Stone_Brook
260000,142.1,1501,2005,3,2,2,Stone_Brook
185000,179.7,1106,1977,3,2,2,Gilbert
260000,218.6,1208,1980,4,2,2,Northwest_Ames
181000,147.3,1583,1979,3,2,2,Northwest_Ames
82500,131.1,1106,1977,3,2,2,Northwest_Ames
215000,148.8,1545,1977,3,2,2,Northwest_Ames
154000,190.4,1231,1978,4,2,2,Northwest_Ames
200000,155.2,1015,1978,3,2,2,Northwest_Ames
249000,248.3,1151,1980,4,2,2,Northwest_Ames
187500,136.7,1311,1980,3,2,2,Northwest_Ames
184000,158.6,1030,1978,3,2,2,Northwest_Ames
278000,234.5,892,1981,4,2,2,Northwest_Ames
157000,148.7,1104,1978,3,2,2,Northwest_Ames
152000,127.3,966,1976,3,2,2,Northwest_Ames
197500,173.5,957,1976,4,2,2,Northwest_Ames
240900,175,650,2003,3,2,2,Somerset
263435,179.8,744,2009,3,2,2,Somerset
220000,174.1,697,2000,3,2,2,Somerset
235000,168.2,787,2002,3,2,2,Somerset
213000,150.6,871,1975,3,2,2,Northwest_Ames
167900,103.7,942,1974,3,2,2,Northwest_Ames
158000,110.8,1027,1975,3,2,2,Northwest_Ames
165000,125.4,942,1974,3,2,2,Northwest_Ames
158000,196.9,971,1972,3,2,2,Northwest_Ames
136000,166.5,836,1974,4,2,0,North_Ames
148500,93.1,813,1970,3,1,2,North_Ames
156000,95.3,737,1969,3,1,2,North_Ames
128000,109.6,727,1970,2,1,2,North_Ames
143000,97.5,791,1971,3,1,1,North_Ames
76500,80.3,654,1970,3,1,2,North_Ames
120500,80.3,647,1970,3,1,2,North_Ames
124500,80.3,754,1970,3,1,2,North_Ames
97000,80.3,975,1971,2,1,2,North_Ames
130000,80.3,836,1971,3,1,2,North_Ames
111000,91.7,156,1973,2,1,1,Briardale
125000,126.8,220,1970,3,1,2,Briardale
112000,121,156,1971,3,2,1,Briardale
97000,91.7,156,1972,2,1,1,Briardale
118000,91.7,156,1972,2,1,1,Briardale
119500,121,156,1972,3,2,1,Briardale
143750,89,458,1976,2,2,2,Northpark_Villa
146000,143.8,214,1976,3,2,2,Northpark_Villa
148500,135.3,212,1976,3,2,2,Northpark_Villa
123000,98,212,1975,2,2,2,Northpark_Villa
147000,122.8,214,1974,3,2,2,Northpark_Villa
137900,135.3,218,1977,3,2,2,Northpark_Villa
147000,143.8,220,1978,3,2,2,Northpark_Villa
148500,133.9,213,1978,3,2,2,Northpark_Villa
138000,135.3,220,1978,3,2,2,Northpark_Villa
128500,77.7,195,1976,2,1,1,Northpark_Villa
100000,82.9,664,1967,3,1,1,North_Ames
148800,104,995,1966,3,1,2,North_Ames
337500,159.6,1157,2006,3,2,3,Northridge_Heights
462000,257.5,1324,2007,4,3,3,Northridge_Heights
485000,291.7,1256,2008,4,3,3,Northridge_Heights
555000,223.1,1434,2008,2,2,3,Northridge_Heights
325000,153.5,1224,2006,2,2,2,Northridge_Heights
256300,148.6,1322,2007,3,2,3,Northridge_Heights
253293,189.7,1180,2008,3,2,3,Northridge_Heights
398800,249.9,1147,2009,3,2,3,Northridge_Heights
335000,202.9,1051,2008,3,2,3,Northridge_Heights
404000,187.7,1147,2008,3,2,3,Northridge_Heights
402861,187.7,1135,2009,3,2,3,Northridge_Heights
451950,213.3,1252,2008,3,2,3,Northridge_Heights
610000,248.4,1272,2007,2,2,3,Northridge_Heights
582933,262.2,1290,2008,4,3,3,Northridge_Heights
360000,161.3,1076,2008,3,2,3,Northridge_Heights
296000,165.5,1567,2004,3,2,3,Northridge_Heights
409900,234.1,2165,2007,5,2,3,Northridge_Heights
255500,159.5,1035,2006,3,2,3,Northridge_Heights
335000,161.9,963,2008,3,2,3,Northridge_Heights
274900,159.1,891,2004,3,2,3,Northridge_Heights
300000,142.2,1010,2006,2,2,3,Northridge_Heights
324000,168,1255,2008,3,2,3,Northridge_Heights
350000,206.6,821,2004,4,2,3,Northridge_Heights
280000,170.6,1056,2004,3,2,3,Northridge_Heights
284000,151.3,990,2003,3,2,3,Northridge_Heights
269500,163.5,1196,2003,3,2,2,Northridge_Heights
233170,139.5,886,2009,3,2,2,Northridge_Heights
386250,222.2,1252,2003,3,2,3,Northridge_Heights
445000,227.8,1419,2003,3,2,3,Northridge_Heights
290000,223,1232,2003,4,3,3,Northridge_Heights
255900,149.2,897,2006,3,2,3,Northridge_Heights
213000,126.2,641,2005,2,2,2,Northridge_Heights
196000,121.3,500,2005,1,2,2,Northridge_Heights
184500,121.3,476,2005,1,2,2,Northridge_Heights
212500,126.2,958,2007,2,2,2,Northridge_Heights
230000,122.1,465,2007,2,2,2,Northridge_Heights
552000,231.5,1378,2004,2,2,3,Northridge_Heights
382500,204.4,1418,2003,3,2,3,Northridge_Heights
320000,175,687,2008,2,2,2,Northridge_Heights
248500,135.3,601,2008,2,2,2,Northridge_Heights
286500,159,1558,2002,3,2,3,Northridge_Heights
254000,123,580,2006,2,2,2,Northridge_Heights
173000,130.5,323,2003,2,2,2,Northridge_Heights
173000,151.1,211,2003,2,2,2,Northridge_Heights
184000,135.3,1015,2005,3,2,2,Gilbert
167800,138.4,828,2005,3,2,2,Gilbert
174000,137.9,1170,2005,3,2,2,Gilbert
174000,144.9,1107,2005,3,2,2,Gilbert
174000,144.5,342,2007,2,2,3,Bloomington_Heights
175900,145.8,338,2007,1,2,3,Bloomington_Heights
192500,144.5,296,2005,2,2,2,Bloomington_Heights
181000,139.7,296,2005,1,2,2,Bloomington_Heights
180000,113.3,296,2005,2,2,2,Bloomington_Heights
160200,106.4,296,2005,2,2,2,Bloomington_Heights
188500,133,724,2004,3,2,2,Gilbert
200000,210.6,750,2002,4,2,2,Gilbert
170000,127.6,876,2004,3,2,2,Gilbert
189500,151.4,742,2004,3,2,2,Gilbert
184100,131.8,720,2002,3,2,2,Gilbert
195500,148.1,941,2004,3,2,2,Gilbert
192000,138.3,833,2003,3,2,2,Gilbert
178000,124.7,759,2003,3,2,2,Gilbert
207500,122.1,470,2007,2,2,2,Northridge_Heights
236000,209.6,817,2000,4,2,2,Gilbert
257500,186.2,1198,2002,4,2,3,Gilbert
244000,190.8,1136,2000,3,2,2,Gilbert
167000,127.6,904,2004,3,2,2,Gilbert
179000,167.2,755,2000,3,2,2,Gilbert
190000,140.7,783,2000,3,2,2,Gilbert
156000,132.8,720,1999,3,2,2,Gilbert
245000,214.8,1477,1999,4,2,3,Gilbert
181000,155.6,2293,1999,3,2,2,Gilbert
214000,191.4,813,1999,3,2,2,Gilbert
168000,132.8,729,1999,3,2,2,Gilbert
337000,219.7,876,1999,3,2,3,Northridge
403000,259.6,1406,1995,4,2,3,Northridge
327000,249.6,1182,2000,4,2,3,Northridge
340000,227.6,1537,1998,3,2,3,Northridge
336000,242.7,1134,1998,4,2,3,Northridge
265000,217.8,948,1996,3,2,3,Northridge
315000,191.7,999,1994,3,2,3,Northridge
260000,245.8,920,1993,4,2,3,Northridge
260000,191.5,844,1995,3,2,2,Northridge
263550,207.4,1086,1993,3,2,2,Northridge
402000,227.4,4328,1994,4,2,3,Northridge
248000,171.9,2783,1994,3,2,2,Northridge
244600,136.4,893,2008,3,2,3,Somerset
275000,157.6,1040,2008,3,2,3,Somerset
257500,154,948,2008,3,2,3,Somerset
287090,146.6,860,2008,3,2,3,Somerset
275500,158.1,941,2007,3,2,3,Somerset
245000,133,849,2006,3,2,2,Somerset
253000,183.1,899,2005,3,2,2,Somerset
468000,231.3,1034,2005,2,2,3,Somerset
252678,172.1,803,2009,3,2,2,Somerset
210000,147.7,836,2008,3,2,2,Somerset
208300,113.2,730,2009,2,2,2,Somerset
225000,133.4,743,2008,3,2,2,Somerset
229456,122.1,803,2009,3,2,2,Somerset
229800,130.2,803,2008,3,2,2,Somerset
250000,142.1,1171,2007,3,2,3,Somerset
370878,164.1,853,2009,2,2,3,Somerset
238500,134.5,697,2006,2,2,2,Somerset
310000,186.5,1022,2008,3,2,3,Somerset
270000,166.8,985,2006,3,2,3,Somerset
252000,181.4,982,2005,3,2,3,Somerset
241000,144,755,2006,2,2,2,Somerset
264500,170.6,755,2008,3,2,2,Somerset
291000,154.4,987,2006,3,2,3,Somerset
263000,194.5,871,2003,4,2,2,Somerset
185000,113.4,697,2004,2,2,2,Somerset
234500,144.3,812,2003,3,2,2,Somerset
209000,153.6,755,2003,3,2,2,Somerset
159000,113.2,892,2007,3,1,2,Sawyer_West
152000,106,697,2006,3,1,2,Sawyer_West
143500,107.6,697,2004,3,1,0,Sawyer_West
193000,168.3,987,2004,3,2,2,Sawyer_West
203000,140.5,942,2004,3,2,3,Sawyer_West
184900,111.5,937,2003,2,2,2,Sawyer_West
159000,103.5,1214,2004,3,1,2,Sawyer_West
142000,103.5,1214,2004,3,1,0,Sawyer_West
153000,103.5,1157,2003,3,2,2,Sawyer_West
224243,134.7,681,2008,2,2,3,Sawyer_West
220000,197.1,1068,1996,4,2,2,Sawyer_West
257000,171.3,1021,2005,2,2,2,Sawyer_West
189000,133.2,792,2001,3,2,2,Sawyer_West
171500,160.7,716,1992,3,2,2,Sawyer_West
120000,113.1,1000,1980,3,1,1,Sawyer_West
145000,123.7,667,1990,2,2,2,Sawyer_West
184000,143.1,846,1994,3,2,2,Sawyer_West
162000,130.1,954,1986,3,2,2,Sawyer_West
160000,174.8,766,1981,4,2,2,Sawyer_West
82000,78.1,780,1950,2,1,1,Sawyer_West
76000,72.8,836,1928,2,1,2,Sawyer_West
110000,91,906,1962,3,1,2,Sawyer
135000,91,656,1977,3,1,2,Sawyer
141000,80.3,790,1961,3,1,2,Sawyer
122000,80.3,843,1961,2,1,1,Sawyer
124100,94.8,865,1965,3,2,1,Sawyer
129000,84.7,724,1963,3,1,1,Sawyer
131400,106.3,929,1961,3,1,1,Sawyer
62383,80.3,769,1965,3,1,1,Sawyer
123000,84.7,664,1962,3,1,1,Sawyer
275000,187.1,1456,1980,2,2,3,Veenker
235000,163,1110,1991,3,2,2,Northridge
280750,279.2,268,2004,3,2,3,Somerset
164500,113.7,367,2009,2,2,2,Somerset
173733,113.7,279,2009,2,2,2,Somerset
222000,160.3,356,2008,2,2,2,Somerset
195000,116.7,392,2008,1,1,2,Somerset
172500,136.7,300,1999,3,2,2,Somerset
180000,140.5,279,2000,2,2,2,Somerset
156000,134.9,350,1999,3,2,2,Somerset
172500,161.6,246,1999,3,2,2,Somerset
318750,157.4,1365,1977,2,2,2,Veenker
211500,113.9,351,1981,1,1,2,Greens
241600,161.6,1432,1981,2,1,2,Veenker
180500,232.2,892,1976,4,2,2,Veenker
150000,150.5,928,1976,3,2,2,Sawyer
154000,144.6,1087,1968,4,1,2,Northwest_Ames
185000,134,1089,1970,2,2,2,Northwest_Ames
185750,138.3,851,1968,3,2,2,Northwest_Ames
200000,194.2,964,1973,3,2,2,Northwest_Ames
206000,192,1183,1974,3,2,2,Northwest_Ames
162000,129.6,1202,1972,3,1,2,Northwest_Ames
256900,245.3,966,1967,5,2,2,Northwest_Ames
197900,160.2,1660,1967,3,1,2,Northwest_Ames
163000,124.1,892,1969,3,2,2,Northwest_Ames
113000,113,836,1969,3,1,1,Northwest_Ames
230000,212.6,1280,1977,4,1,2,Northwest_Ames
167900,123.9,896,1977,2,2,2,Northwest_Ames
213250,156.1,942,1998,3,2,2,Northwest_Ames
227000,154.7,780,2001,3,2,2,Northwest_Ames
130000,80.3,662,1967,2,1,1,North_Ames
143000,145.7,892,1967,3,1,2,North_Ames
117500,85.9,845,1965,2,1,1,North_Ames
168500,191.5,892,1974,4,2,2,Northwest_Ames
172500,122.6,1533,1971,3,2,2,Northwest_Ames
161500,124.7,909,1967,3,2,2,Northwest_Ames
141500,83.1,691,1960,2,1,2,North_Ames
118000,80.3,755,1959,3,1,1,North_Ames
127500,80.3,845,1959,2,1,1,North_Ames
140000,126.5,878,1957,3,1,3,North_Ames
177625,160.5,1254,1956,3,2,2,North_Ames
110000,165,1066,1958,4,2,3,North_Ames
167000,140.8,929,1964,3,1,2,North_Ames
153000,122,869,1961,3,1,2,North_Ames
145100,120,975,1964,3,1,2,North_Ames
154000,107.2,1022,1966,3,1,2,North_Ames
177500,198.8,833,1965,4,2,2,North_Ames
158000,134.2,1124,1964,3,1,2,North_Ames
124500,96.7,892,1959,3,1,1,North_Ames
174500,146.4,1066,1961,4,1,2,North_Ames
122000,89.2,907,1955,2,1,1,North_Ames
82500,65.8,495,1940,2,1,0,Brookside
110000,111.8,652,1950,3,1,1,Brookside
149500,139.8,1130,1953,2,1,2,North_Ames
175000,157.1,920,1967,2,1,2,North_Ames
167000,152.7,892,1953,3,1,2,North_Ames
128900,97.5,892,1956,2,1,1,North_Ames
140000,155,892,1950,3,1,1,North_Ames
147000,103.4,892,1950,3,1,1,North_Ames
124000,147.2,831,1967,4,2,3,North_Ames
187500,135,982,1961,3,2,2,North_Ames
159000,129.5,883,1963,3,1,2,North_Ames
256000,145.6,1365,1966,2,2,2,North_Ames
205000,184.5,1263,1965,3,2,2,North_Ames
193500,199,1208,1968,4,2,1,North_Ames
110000,129.3,1260,1968,2,1,2,North_Ames
104900,161.5,1162,1920,4,2,1,North_Ames
150000,106.3,814,1956,3,1,1,North_Ames
156500,137.3,780,1957,3,1,2,North_Ames
176000,123.5,1141,1960,3,1,2,North_Ames
149500,91.8,858,1959,3,2,1,North_Ames
139000,151.6,892,1958,3,2,1,North_Ames
155000,112.9,1152,1958,3,1,1,North_Ames
120000,111.7,813,1956,3,1,1,North_Ames
153000,128.4,813,1955,3,1,1,North_Ames
144000,111.5,966,1956,3,1,1,North_Ames
176000,128.4,1793,1962,3,1,2,North_Ames
153000,120.5,793,1954,3,1,2,North_Ames
135000,173.4,881,1958,4,2,2,North_Ames
131000,98.7,755,1954,3,1,1,North_Ames
123000,122.5,988,1953,3,1,1,North_Ames
126000,103.3,1214,1951,2,1,2,North_Ames
115000,93.4,969,1955,2,1,2,North_Ames
164900,126.6,1353,1951,2,1,1,North_Ames
113000,73.7,788,1945,2,1,1,North_Ames
145500,95.8,708,1952,2,1,1,North_Ames
102900,112.4,886,1953,2,1,1,North_Ames
95000,157.8,986,1900,3,2,2,Old_Town
152500,141.9,1061,1948,3,1,2,North_Ames
129900,111.5,892,1950,3,1,1,North_Ames
132000,90.3,743,1948,2,1,1,North_Ames
99900,73.6,508,1958,2,1,1,Old_Town
135000,153.8,967,1916,3,2,1,Old_Town
149000,125.6,1003,1939,4,2,2,Old_Town
114000,96.5,757,1900,2,1,1,Old_Town
109500,73.6,838,1924,2,1,1,Old_Town
125000,100.1,950,1925,3,1,1,Old_Town
142900,220.8,967,1915,3,2,2,Old_Town
156500,157,669,1910,4,2,2,Old_Town
59000,55.6,502,1940,2,1,0,Old_Town
105000,127.6,502,1920,2,1,1,Old_Town
106000,78.6,1003,1920,2,1,2,Old_Town
78500,67.4,1003,1890,1,1,1,Old_Town
190000,236.3,898,1969,6,2,3,North_Ames
154000,128.2,942,1963,3,1,1,North_Ames
163000,96.6,1068,1967,3,1,2,North_Ames
200000,244.7,1082,1969,6,2,4,North_Ames
143500,88.3,744,1958,2,1,2,North_Ames
135000,102.7,971,1957,3,1,1,North_Ames
153000,121.3,809,1957,2,1,1,North_Ames
157500,137.3,1635,1960,3,2,2,North_Ames
113500,106.1,836,1958,2,1,1,North_Ames
133000,117.8,1128,1949,3,1,1,North_Ames
92900,96.6,794,1950,2,2,2,North_Ames
128500,105.3,749,1950,3,1,2,North_Ames
90000,96.6,669,1949,2,2,2,North_Ames
138000,176.9,669,1950,3,1,1,North_Ames
128000,96.7,683,1958,3,1,1,North_Ames
139000,124.4,702,1958,3,1,1,North_Ames
118900,68,669,1952,2,1,1,North_Ames
138000,109.9,743,1959,3,1,1,North_Ames
132500,106.6,737,1959,3,1,1,North_Ames
133500,135.7,1003,1949,4,2,1,North_Ames
135000,138.9,749,1948,3,1,2,North_Ames
144750,167.8,703,1964,4,1,2,North_Ames
145000,87.4,799,1978,2,1,2,North_Ames
127000,97.1,737,1963,3,1,1,North_Ames
109500,83.1,613,1962,2,1,1,North_Ames
115000,113.7,367,1926,3,1,1,Old_Town
110000,114.3,970,1910,2,1,2,Old_Town
128900,128,379,1935,3,1,1,Old_Town
103500,180.6,958,1910,4,2,2,Old_Town
66500,105.1,531,1941,3,1,1,Old_Town
130000,121.3,1455,1910,3,1,2,Old_Town
129000,136,920,1910,3,2,0,Old_Town
150000,144.7,595,1939,3,1,2,Old_Town
107500,220.4,613,1892,4,2,1,Old_Town
94550,158,709,1920,4,2,0,Old_Town
124500,182.1,706,1952,4,2,2,Old_Town
135000,129,314,1946,3,1,1,Old_Town
103000,134.4,941,1910,3,1,0,Old_Town
93000,87,557,1953,2,1,2,Old_Town
129500,123.4,557,1950,3,1,1,Old_Town
93000,128.9,557,1954,3,2,1,Old_Town
80000,80,688,1920,2,1,2,Old_Town
45000,56.9,550,1940,1,1,1,Old_Town
37900,89.9,550,1910,2,1,0,Old_Town
91300,82.3,537,1938,2,1,1,Old_Town
99500,73.6,792,1923,2,1,1,Old_Town
113000,134.9,414,1920,2,2,0,Old_Town
87500,140.3,892,1910,3,2,2,Old_Town
110000,119.3,325,1947,2,1,1,Old_Town
106000,198.6,752,1898,2,2,2,Old_Town
265979,245.3,1087,1880,4,1,4,Old_Town
160000,186.5,780,1900,3,2,1,Old_Town
119000,119.7,334,1917,3,1,1,Old_Town
168000,161.8,1642,1882,4,1,2,Old_Town
58500,75.8,307,1910,2,1,0,Old_Town
143000,137.7,836,1920,3,1,2,Old_Town
85000,94.9,669,1910,2,1,1,Old_Town
124900,173.6,819,1890,2,1,2,Old_Town
119000,137.5,502,1920,3,1,1,Old_Town
146500,141.3,903,1910,4,1,3,Old_Town
34900,66.9,732,1920,2,1,0,Iowa_DOT_and_Rail_Road
44000,74,873,1900,2,1,0,Iowa_DOT_and_Rail_Road
223500,146.4,1987,1923,3,1,2,Brookside
149000,133,615,1923,3,1,1,Brookside
205000,143.8,675,1925,3,2,2,Brookside
137000,153.7,461,1930,3,2,1,Brookside
121000,88.4,823,1916,2,1,1,Brookside
128000,123,557,1936,3,1,1,Brookside
134900,109.3,557,1937,2,1,2,Brookside
117000,125.2,557,1925,3,1,1,Brookside
132500,131.2,557,1939,4,1,1,Brookside
93000,106.1,557,1924,3,1,1,Brookside
119000,84,557,1926,2,1,1,Brookside
100000,120.9,642,1924,2,1,2,Brookside
141500,143,569,1936,3,1,2,Brookside
133000,146.1,569,1935,3,1,1,Brookside
60000,74.3,569,1936,1,1,0,Brookside
105000,81.3,569,1931,2,1,1,Brookside
115000,92.4,569,1925,2,1,1,Brookside
150000,147,569,1938,3,2,1,Brookside
126500,99.6,802,1925,2,1,5,Brookside
214500,198.2,1104,1916,5,2,2,Brookside
167500,187.6,1060,1910,3,1,2,Brookside
155000,164.2,752,1915,3,2,2,Old_Town
155000,169.6,232,1915,4,1,1,Old_Town
179900,180.6,922,1915,3,2,1,Old_Town
104000,207.1,513,1912,5,1,0,Old_Town
62500,197.7,279,1922,4,2,0,Old_Town
149000,179.3,639,1927,4,2,1,Iowa_DOT_and_Rail_Road
103000,112.2,580,1925,2,1,2,Iowa_DOT_and_Rail_Road
123000,132.6,536,1915,3,1,1,Old_Town
97500,173.2,544,1902,6,2,0,Old_Town
135000,154.8,479,1927,3,1,1,Iowa_DOT_and_Rail_Road
70000,82.9,479,1923,1,1,0,Iowa_DOT_and_Rail_Road
116000,130.3,959,1915,3,1,1,Iowa_DOT_and_Rail_Road
88750,65.4,398,1946,2,1,1,Sawyer
179000,111.5,1003,1987,3,3,0,Edwards
179000,111.5,1003,1987,3,3,0,Edwards
159900,107,980,1978,2,2,1,Edwards
61000,84,931,1922,1,0,0,Edwards
103600,127.2,616,1925,3,2,1,Edwards
63000,103.3,909,1934,4,2,1,Edwards
175000,136,1197,1963,3,2,2,Sawyer
139000,104.1,819,1963,3,1,2,Sawyer
172500,156.4,1039,1978,3,2,2,Sawyer
113500,97.7,1080,1967,3,1,1,Sawyer
130000,83.5,725,1967,3,1,1,Sawyer
149900,96.1,745,1978,3,1,2,Sawyer
134900,79.7,674,1982,2,1,2,Sawyer
137000,79.9,812,1982,2,1,2,Sawyer
139000,101.4,1079,1962,3,1,1,Sawyer
165000,164.8,1431,1961,4,2,1,Sawyer
148000,105.7,1422,1960,3,1,2,Sawyer
165000,192.4,1448,1956,4,1,1,Clear_Creek
63900,61.3,836,1947,2,1,0,Sawyer
161500,166.1,1045,1957,5,1,1,Clear_Creek
143000,136.8,2331,1968,1,1,1,Clear_Creek
135000,114.2,1592,1956,3,1,1,Edwards
82500,80,1147,1940,1,1,2,Edwards
190000,173.4,995,1955,2,1,1,Clear_Creek
139600,161,1271,1955,4,2,2,Edwards
122000,128.5,1452,1954,2,1,2,Edwards
127500,156.9,916,1956,3,1,2,Edwards
121500,99.7,889,1956,2,1,1,Edwards
60000,118.5,889,1958,3,1,1,Edwards
154400,152.3,869,1946,3,1,1,Edwards
113000,62.4,868,1941,2,1,1,Edwards
125000,101.2,691,1954,3,1,1,Edwards
84000,78.5,1068,1957,3,1,1,Edwards
139500,97.5,393,1984,2,2,1,Edwards
131000,159.4,1060,1949,3,1,1,Edwards
105000,116.9,842,1939,2,1,1,Edwards
108000,140.3,844,1940,4,1,1,Edwards
162000,98.6,1001,1990,1,1,2,Sawyer_West
156500,124.3,1789,1983,2,1,2,Sawyer_West
316600,198.1,1145,1983,1,1,2,Sawyer_West
271900,204,1364,1990,3,2,3,Sawyer_West
213000,164.9,866,1993,3,2,2,Sawyer_West
239900,174.6,981,1993,3,2,2,Sawyer_West
239500,187.7,913,1995,3,2,2,Sawyer_West
131000,187.3,2453,1880,4,1,2,Sawyer_West
118964,142.6,652,1979,4,2,2,Sawyer_West
153337,113.7,652,1979,2,0,2,Sawyer_West
147983,207,652,1979,6,2,2,Sawyer_West
118858,142.6,652,1979,4,2,2,Sawyer_West
118858,142.6,652,1979,4,2,2,Sawyer_West
142953,208.1,652,1979,6,2,2,Sawyer_West
148325,114.2,654,1979,2,0,2,Sawyer_West
113722,140.6,651,1979,4,2,2,Sawyer_West
269500,258.9,1101,2000,6,4,4,Sawyer_West
269500,258.9,738,2000,6,4,4,Sawyer_West
269500,258.9,741,2000,6,4,4,Sawyer_West
323262,156.1,1016,2009,1,1,3,College_Creek
297000,159.6,988,2007,3,2,3,College_Creek
295493,151.4,950,2008,3,2,3,College_Creek
332000,159.8,1005,2008,3,2,3,College_Creek
239900,136.4,853,2008,3,2,3,College_Creek
212000,164.2,1000,2007,3,2,2,College_Creek
272500,170.8,1061,2007,3,2,2,College_Creek
239000,167.2,1108,2007,2,2,2,College_Creek
220000,149,819,2006,3,2,2,College_Creek
200000,119.8,628,2007,2,2,2,College_Creek
221800,116.5,959,2008,2,2,3,College_Creek
194500,114.5,679,2007,2,2,2,College_Creek
237000,139.2,1082,2005,3,2,3,College_Creek
173000,132.1,1082,2005,3,2,2,College_Creek
275000,152.7,1189,1989,2,2,2,Sawyer_West
233500,163.4,1551,1992,3,2,2,Clear_Creek
185000,197.5,2666,1967,3,2,2,Clear_Creek
152000,96.6,1158,1996,3,1,2,College_Creek
143000,92,906,1994,3,1,1,College_Creek
231500,163.9,1433,1997,3,2,2,College_Creek
212000,154.3,991,1996,3,2,2,College_Creek
207000,135.9,1371,1998,3,2,2,College_Creek
145000,101.9,1009,1994,3,1,2,College_Creek
138000,92,750,1994,3,1,2,College_Creek
197900,165.3,966,1998,3,2,2,College_Creek
204000,139.4,960,1999,3,2,2,College_Creek
192000,132.9,838,1999,3,2,2,College_Creek
200000,164.6,813,1998,3,2,2,College_Creek
195000,154.2,830,2002,3,2,2,College_Creek
227000,146.1,911,2002,3,2,2,College_Creek
230000,170.9,1154,2001,3,2,2,College_Creek
187100,132.8,1513,2001,3,2,2,College_Creek
203000,134.1,998,2002,3,2,2,College_Creek
201000,138.6,1037,2001,3,2,2,College_Creek
124000,96.6,783,1978,3,2,0,College_Creek
140000,84.3,1511,1978,3,1,1,College_Creek
134900,84.9,646,1979,2,1,2,College_Creek
150500,96.6,818,1977,3,2,2,College_Creek
136500,80.3,650,1978,3,1,1,College_Creek
143500,117.8,863,1977,3,1,1,College_Creek
133500,80.3,1442,1972,3,1,1,College_Creek
123000,83.1,669,1972,2,1,2,College_Creek
133900,71.3,669,1972,2,1,1,College_Creek
133000,71.3,785,1972,2,1,2,College_Creek
250000,149.7,1084,2002,3,2,3,College_Creek
254750,202.9,1146,2003,4,2,2,College_Creek
236500,166.1,1100,2001,3,2,2,College_Creek
261500,173.9,1104,2001,3,2,2,College_Creek
313000,200,1027,2000,3,2,3,College_Creek
198500,160.3,813,2002,3,2,2,College_Creek
211000,173.7,1045,2001,3,2,2,College_Creek
220000,140.6,1463,1999,2,2,2,College_Creek
203000,139.7,1104,1996,3,2,2,College_Creek
279500,169.8,1187,2002,3,2,2,College_Creek
210000,131.6,813,1997,3,2,2,College_Creek
219500,189,871,1997,3,2,2,College_Creek
191000,159.4,813,1996,2,2,2,College_Creek
178000,112.6,845,2001,3,2,2,College_Creek
213000,151.4,906,2000,3,2,2,College_Creek
144000,78.8,412,2003,1,1,2,College_Creek
140000,78.8,412,2003,1,1,2,College_Creek
293200,148.8,948,2007,3,2,3,College_Creek
190000,160.5,865,2004,3,2,2,College_Creek
190000,139.3,788,2004,3,2,2,College_Creek
173500,137.1,802,2005,3,2,2,College_Creek
170000,129.7,1028,2007,3,2,2,College_Creek
108000,104.6,815,1949,2,2,2,Edwards
167000,138,923,1964,3,1,2,Edwards
100000,75.8,825,1938,2,1,1,Edwards
198500,178.6,678,2003,4,3,2,Edwards
159500,132.5,739,1977,3,1,2,Edwards
127000,106.7,992,1960,3,1,1,Edwards
125000,104.5,669,1976,3,1,1,Edwards
320000,157.7,1234,2007,3,2,3,Edwards
145500,99.6,341,2005,2,1,2,Edwards
118000,64.8,874,1947,2,1,0,Edwards
85000,81.4,595,1959,3,1,1,Edwards
120000,127.1,1093,1950,3,1,1,Edwards
98000,142,781,1945,4,2,1,Edwards
99900,80.3,377,1922,2,1,0,Edwards
82000,87.7,948,1952,2,1,2,Edwards
119900,155.9,1015,1959,6,2,0,Edwards
103500,144.9,1093,1956,2,1,1,Edwards
112000,89.2,829,1956,3,1,1,Edwards
110000,111.1,1148,1920,3,1,2,Edwards
122000,120.6,763,1941,3,1,1,Edwards
117000,149,1022,1941,3,2,2,Edwards
160000,117.8,585,1938,3,1,1,South_and_West_of_Iowa_State_University
159434,141.2,418,1932,3,1,1,South_and_West_of_Iowa_State_University
60000,40.7,780,1920,1,1,1,South_and_West_of_Iowa_State_University
139500,138.3,920,1940,3,2,1,South_and_West_of_Iowa_State_University
197000,286.3,1474,1920,5,2,2,South_and_West_of_Iowa_State_University
105000,115.4,530,1935,3,1,1,South_and_West_of_Iowa_State_University
135000,184,725,1928,4,2,2,South_and_West_of_Iowa_State_University
147500,114.5,797,1916,3,1,2,Crawford
137450,149.4,573,1925,3,2,1,South_and_West_of_Iowa_State_University
155000,105.4,669,1936,3,1,2,South_and_West_of_Iowa_State_University
177000,177.7,702,1928,3,1,2,Crawford
145000,137.2,585,1928,3,2,1,South_and_West_of_Iowa_State_University
137000,114.1,665,1918,3,1,1,Crawford
234000,193.2,1014,1926,3,1,1,Crawford
205000,145.6,1271,1940,2,1,2,Crawford
177500,138.8,697,1942,3,1,1,Crawford
160000,121.5,892,1940,2,1,1,Crawford
155000,118.3,1364,1960,2,1,1,Crawford
163500,89.6,1241,1921,2,1,2,Crawford
154900,124.8,714,1921,3,1,1,Crawford
205000,230.4,757,1940,5,2,2,Crawford
144800,103.3,845,1954,2,1,1,Crawford
174500,145.3,1115,1941,3,1,1,Crawford
193000,145,1239,1960,3,2,2,Crawford
158000,141.5,1449,1949,3,2,1,Crawford
158500,107,1301,1950,3,1,1,Crawford
224000,177.1,1626,1954,3,1,2,Crawford
115000,95.9,161,1980,2,1,2,Blueste
137000,114.2,138,1980,2,1,2,Blueste
121000,114.2,150,1980,2,1,2,Blueste
124000,114.2,121,1980,2,1,2,Blueste
208000,184.1,1264,1986,3,2,2,Crawford
315000,219.7,1635,1971,3,2,2,Crawford
222000,156.1,2015,1988,3,2,2,Crawford
147000,124.9,993,1920,3,1,1,Iowa_DOT_and_Rail_Road
123000,201.4,805,1900,5,2,2,Iowa_DOT_and_Rail_Road
78000,110.7,595,1920,3,1,1,Iowa_DOT_and_Rail_Road
85000,141.8,787,1915,2,1,0,Iowa_DOT_and_Rail_Road
75000,53.1,948,1925,2,1,1,Iowa_DOT_and_Rail_Road
230000,153.1,357,2007,2,2,2,Crawford
57625,75.2,2023,1910,1,1,1,Iowa_DOT_and_Rail_Road
251000,190.6,941,2000,3,2,3,Mitchell
239686,199.6,1191,2003,1,1,2,Mitchell
240000,158.9,1126,2004,3,2,2,Mitchell
215000,182.2,1134,2001,3,2,2,Mitchell
156450,86,906,1977,2,1,1,Mitchell
173000,119.6,870,1977,2,1,2,Mitchell
126000,161.1,941,1977,4,2,2,Mitchell
173000,113.1,924,1990,3,2,2,Mitchell
152000,148.2,1028,1991,2,2,2,Mitchell
137500,124.9,1335,1958,3,1,2,Timberland
375000,189.1,19996,1965,3,2,2,Timberland
315500,150.5,1198,2007,2,2,3,Timberland
224500,157.2,1222,2009,3,2,2,Timberland
410000,189.1,1248,2008,3,2,3,Timberland
316500,152.4,1344,2008,3,2,3,Timberland
201000,136.2,829,2007,3,2,3,Timberland
175000,131.2,1064,1988,3,2,2,Timberland
204000,207.8,914,1980,3,2,2,Timberland
213500,137.4,1340,1987,3,2,2,Timberland
220000,120.4,637,2001,2,2,2,Timberland
170000,187.1,851,2003,3,2,2,Timberland
315000,170.8,1356,2006,2,2,3,Timberland
425000,183.8,1174,2007,2,2,3,Timberland
139500,93.6,1163,1968,3,1,1,Mitchell
115000,164.5,2021,1960,3,1,2,Mitchell
162000,111.9,418,1998,2,2,2,Mitchell
165000,113.7,418,1999,2,2,2,Mitchell
91000,91.8,148,1973,2,1,1,Meadow_Village
130000,81.2,916,1968,3,1,1,Mitchell
86000,58.5,142,1970,1,1,1,Meadow_Village
160000,130.4,1243,1969,3,2,2,Mitchell
80000,58.5,137,1970,1,1,1,Meadow_Village
97000,124.9,142,1970,3,1,0,Meadow_Village
88000,101.4,206,1970,3,1,1,Meadow_Village
131900,73.9,714,1972,2,1,1,Mitchell
131250,101.4,716,1993,2,1,1,Mitchell
165500,103.1,845,1978,1,1,2,Mitchell
112000,77.4,816,1985,3,1,0,Mitchell
149000,82,712,1992,2,1,2,Mitchell
143000,126.5,1311,1993,1,1,2,Mitchell
130000,119.6,969,1992,3,1,2,Mitchell
196000,145.6,912,1977,2,2,2,Mitchell
173000,151.6,971,1969,4,1,2,Mitchell
176500,131.4,1025,1958,3,1,2,North_Ames
237500,196.7,1201,1970,4,2,2,North_Ames
206900,196.2,1029,1969,4,2,2,North_Ames
187500,149,808,1997,3,2,2,Gilbert
165000,136.6,756,1995,3,2,2,Gilbert
195500,149,886,1998,3,2,2,Gilbert
192000,152.2,840,1998,3,2,2,Gilbert
173000,152,1397,1996,3,2,2,Gilbert
177900,128.6,1313,1996,3,2,2,Gilbert
175000,134.3,2032,1996,3,2,2,Gilbert
286000,148,457,2001,0,1,2,Stone_Brook
247900,156.3,582,1997,1,1,2,Stone_Brook
180000,124.2,501,1993,2,2,2,Stone_Brook
180000,118.9,471,1992,2,2,2,Stone_Brook
181000,149,1007,1997,3,2,2,Gilbert
183000,151.7,1039,1998,3,2,2,Gilbert
188000,154,743,1995,3,2,2,Gilbert
194500,176,1006,1994,3,2,2,Gilbert
185000,158.8,1307,1991,3,2,2,Gilbert
189000,114.1,434,1988,2,2,2,Stone_Brook
188500,124.2,553,1989,2,2,2,Stone_Brook
355000,232.2,1258,2005,5,3,3,Stone_Brook
325000,232.6,1040,2005,4,2,3,Stone_Brook
387000,175,1431,2004,2,2,3,Stone_Brook
115000,136.9,2900,1952,3,1,2,Gilbert
334000,158.9,754,2007,2,2,2,Stone_Brook
133000,138.2,4392,1950,3,2,2,Gilbert
215000,194.4,1909,1986,3,2,2,Northwest_Ames
226500,156.8,1178,1988,2,2,2,Northwest_Ames
175500,132.1,1123,1981,3,2,2,Northwest_Ames
181900,117.1,1006,1983,3,2,2,Northwest_Ames
235000,191.7,1724,1978,3,2,2,Northwest_Ames
220000,165.5,1342,1979,3,2,2,Northwest_Ames
272000,266.8,1136,1977,4,2,2,Northwest_Ames
161000,112.5,1214,1976,3,2,2,Northwest_Ames
175000,104.6,1450,1977,3,2,2,Northwest_Ames
185000,189.9,966,1980,3,2,2,Northwest_Ames
146900,121.5,905,1969,3,1,2,Northwest_Ames
292500,263.8,1162,1978,4,2,4,Northwest_Ames
180000,141.5,1055,1976,3,2,2,Northwest_Ames
159900,134.1,966,1976,2,2,2,Northwest_Ames
205000,182.5,974,1976,4,2,2,Northwest_Ames
157000,109.4,929,1973,3,1,2,Northwest_Ames
306000,217.4,1329,1996,4,2,3,Northwest_Ames
133000,166.5,836,1974,4,2,2,North_Ames
151000,97.9,906,1969,3,1,2,North_Ames
111900,87,956,1969,2,1,1,North_Ames
123000,80.3,702,1971,3,1,2,North_Ames
111250,80.3,1183,1972,3,1,2,North_Ames
181000,124.2,377,1998,2,2,2,North_Ames
103400,91.7,156,1973,2,1,1,Briardale
100000,91.7,156,1973,2,1,1,Briardale
100500,91.7,176,1972,2,1,1,Briardale
106000,91.7,174,1970,2,1,1,Briardale
85400,91.7,156,1971,2,1,1,Briardale
89500,91.7,156,1971,2,1,1,Briardale
111750,121,156,1972,3,2,1,Briardale
140000,99.3,376,1977,2,2,2,Northpark_Villa
143000,135.3,214,1975,4,2,2,Northpark_Villa
148500,98,235,1977,2,2,2,Northpark_Villa
110000,82.9,880,1966,3,1,1,North_Ames
394617,179.5,1156,2008,2,2,3,Northridge_Heights
426000,216.6,1159,2007,3,2,3,Northridge_Heights
385000,193.6,1375,2007,2,2,3,Northridge_Heights
446261,252,1389,2008,3,2,3,Northridge_Heights
317500,147,1180,2007,3,2,3,Northridge_Heights
372402,158.9,1290,2007,2,2,3,Northridge_Heights
417500,228.9,1272,2007,4,2,3,Northridge_Heights
383000,181.2,1339,2007,2,2,3,Northridge_Heights
390000,255.3,1247,2006,4,2,3,Northridge_Heights
460000,259.2,1165,2005,4,2,4,Northridge_Heights
379000,216.5,1129,2005,3,2,3,Northridge_Heights
250000,194,827,2007,4,2,3,Northridge_Heights
316000,216.6,982,2004,4,2,3,Northridge_Heights
615000,229.5,1182,2003,1,1,3,Northridge_Heights
412500,247.9,1272,2003,3,2,3,Northridge_Heights
284000,190.1,987,2003,3,2,3,Northridge_Heights
284000,146.3,1008,2003,2,2,3,Northridge_Heights
421250,246.1,1570,2001,4,2,3,Northridge_Heights
370000,249.9,1528,2003,4,2,3,Northridge_Heights
336860,173.4,939,2008,2,2,3,Northridge_Heights
367294,158.1,815,2008,1,1,3,Northridge_Heights
192000,127,1143,2005,2,2,2,Northridge_Heights
274000,141,1178,2003,1,1,2,Northridge_Heights
266000,156.4,822,2005,2,2,2,Northridge_Heights
370967,167.2,765,2007,2,2,3,Northridge_Heights
234250,124.7,580,2006,2,2,2,Northridge_Heights
219500,124.7,580,2006,2,2,2,Northridge_Heights
155000,151.1,227,2003,2,2,2,Northridge_Heights
154000,151.1,227,2003,2,2,2,Northridge_Heights
207000,126.2,762,2004,2,2,2,Northridge_Heights
195000,135.2,366,2003,2,2,3,Bloomington_Heights
219990,146.4,366,2004,2,2,3,Bloomington_Heights
191000,139.7,296,2005,2,2,2,Bloomington_Heights
159895,117.6,296,2007,2,2,2,Bloomington_Heights
187687,115.8,345,2007,2,2,2,Bloomington_Heights
179000,140.7,838,2004,3,2,2,Gilbert
193000,148,689,2004,3,2,2,Gilbert
190000,108.3,891,2005,2,2,2,Gilbert
176000,135.3,746,2005,3,2,2,Gilbert
188000,159.8,744,2002,3,2,2,Gilbert
213000,184.5,780,2003,4,2,2,Gilbert
217300,126.2,678,2007,2,2,2,Northridge_Heights
186500,166.5,953,2000,3,2,2,Gilbert
226750,175.8,764,2000,3,2,2,Gilbert
184000,138.4,1429,2004,3,2,2,Gilbert
176000,131.4,720,2002,3,2,2,Gilbert
225000,215.7,1158,1999,4,2,2,Gilbert
185900,153.4,779,1999,3,2,2,Gilbert
284500,204.3,897,1997,3,2,2,Northridge
315000,244.3,855,1998,4,2,3,Northridge
250000,204.2,1325,2000,4,2,3,Northridge
291000,201.8,1022,2000,4,2,3,Northridge
350000,186.4,1085,1998,2,2,3,Northridge
279500,197.4,1021,1996,4,2,2,Northridge
290000,232.3,1108,1995,4,2,3,Northridge
350000,196.3,970,1995,2,2,3,Northridge
341000,224.6,979,1993,3,2,3,Northridge
287500,204.1,930,1993,4,2,3,Northridge
271000,197.6,1017,1994,3,2,2,Northridge
301500,184.6,1329,1994,2,2,2,Northridge
235128,146.8,1108,2007,3,2,3,Somerset
214000,179.6,1356,2007,4,2,3,Somerset
232000,146.2,1111,2006,3,2,3,Somerset
240000,146.6,1231,2006,3,2,3,Somerset
264132,139.9,1355,2008,2,2,2,Somerset
245000,145.2,948,2007,3,2,3,Somerset
227680,132.7,1140,2008,3,2,2,Somerset
257000,172.9,911,2007,3,3,3,Somerset
297900,174.1,876,2007,3,2,3,Somerset
247000,135.6,932,2006,3,2,2,Somerset
212700,127.5,803,2007,3,2,2,Somerset
250580,127.5,803,2007,3,2,2,Somerset
182000,132.7,1081,2007,3,2,2,Somerset
226700,164.2,911,2005,3,2,2,Somerset
250000,185.1,871,2003,3,2,2,Somerset
250000,181.9,987,2005,3,2,3,Somerset
339750,193,1003,2007,3,2,3,Somerset
205950,154.7,755,2007,3,2,2,Somerset
256000,154.2,987,2007,3,2,3,Somerset
230348,113.2,697,2007,2,2,2,Somerset
207500,160.5,817,2003,3,2,2,Somerset
141000,100.3,697,2004,3,1,0,Sawyer_West
188000,157.6,939,2003,3,2,2,Sawyer_West
192500,154.5,1187,2003,3,2,2,Sawyer_West
146000,109.2,1214,2005,3,1,0,Sawyer_West
159000,103.5,1272,2004,3,1,2,Sawyer_West
155000,103.5,1272,2003,3,1,2,Sawyer_West
173000,152.4,777,2004,3,2,2,Sawyer_West
170000,107.9,860,2007,3,2,2,Sawyer_West
182000,149.5,785,1995,3,2,2,Sawyer_West
163000,156.1,788,1993,3,2,2,Sawyer_West
193500,156,755,1994,3,2,2,Sawyer_West
189000,153.9,1353,1994,3,2,2,Sawyer_West
190500,155.8,785,2001,3,2,2,Sawyer_West
175000,161.4,770,1992,3,2,2,Sawyer_West
179200,120.2,665,1991,3,2,2,Sawyer_West
187000,158.9,863,1993,3,2,2,Sawyer_West
193000,150.2,744,1993,2,2,2,Sawyer_West
153900,111.4,733,1993,2,2,2,Sawyer_West
128000,91.4,845,1963,3,1,1,Sawyer
144000,84.7,1205,1962,2,1,1,Sawyer
135000,80.3,752,1961,3,1,1,Sawyer
115000,82.7,785,1968,3,1,1,Sawyer
119916,80.3,591,1963,3,1,1,Sawyer
142000,84.7,629,1961,3,1,1,Sawyer
192000,132.8,1812,1974,3,2,2,Veenker
140000,152.4,1000,1972,4,2,2,Sawyer
290000,249.3,855,1990,4,2,2,Northridge
372500,258.8,1024,1993,4,2,2,Northridge
196000,129.2,398,2004,2,2,2,Somerset
171900,116.1,373,2006,2,2,2,Somerset
178000,115.7,319,2004,1,2,2,Somerset
165000,111.5,295,2005,2,2,2,Somerset
146000,129.3,295,2007,2,2,2,Somerset
146000,129.3,335,2007,2,2,2,Somerset
179400,139.4,212,1999,3,2,2,Somerset
172900,143.9,212,1999,3,2,2,Somerset
300000,152.2,443,2000,2,2,2,Somerset
285000,121.7,422,2001,1,1,2,Somerset
290000,131.8,407,2001,2,1,2,Somerset
305000,144.6,382,1999,2,2,2,Somerset
328900,158.8,476,1999,2,2,2,Somerset
160000,116.3,201,1999,2,2,2,Somerset
170000,130.4,201,1999,3,2,2,Somerset
223000,166.2,989,2001,3,2,2,Somerset
170000,147.3,246,1999,3,2,2,Somerset
200000,149.3,246,1999,3,2,2,Somerset
345000,222.3,367,1998,2,2,2,Somerset
245500,119.7,1390,1996,1,1,2,Veenker
217500,115.1,1028,1995,1,1,2,Veenker
324000,159.7,1008,1993,1,1,2,Veenker
162500,114.5,1033,1984,3,2,2,Veenker
150000,273.5,2283,1977,3,2,3,Veenker
290000,155.2,1512,1976,3,3,2,Veenker
205000,168.3,697,2002,3,2,2,Somerset
174000,156.3,966,1970,3,2,2,Northwest_Ames
183000,132.6,1032,1969,4,2,2,Northwest_Ames
150000,161.6,1027,1968,4,1,2,Northwest_Ames
145000,116.9,1026,1971,3,2,2,Northwest_Ames
215000,150.5,1429,1967,4,2,2,Northwest_Ames
140500,151,906,1965,4,2,2,Northwest_Ames
240000,242.8,1003,1974,4,2,2,Northwest_Ames
141000,136,819,1968,4,1,2,North_Ames
147000,84.7,824,1965,2,1,2,North_Ames
135000,85.9,755,1965,3,1,2,North_Ames
145000,160.5,1029,1965,6,2,2,North_Ames
142600,160.5,1217,1965,6,2,2,North_Ames
135000,153.8,859,1973,4,2,2,Northwest_Ames
170000,155.1,1241,1971,4,1,2,Northwest_Ames
299800,252.2,833,1976,4,3,2,Northwest_Ames
185000,174.3,847,1974,4,2,2,Northwest_Ames
173000,151.6,848,1966,4,1,2,Northwest_Ames
178400,92.8,1126,1961,3,1,2,North_Ames
176000,183.8,920,1968,4,2,2,Northwest_Ames
98000,94.2,723,1956,2,1,1,North_Ames
109008,84.3,798,1957,3,1,1,North_Ames
135750,88.4,787,1956,2,1,1,North_Ames
155000,104.8,808,1963,3,2,2,North_Ames
180500,132.4,945,1964,3,2,2,North_Ames
174900,108.2,838,1966,3,1,2,North_Ames
140000,105.5,855,1965,3,1,1,North_Ames
145000,101.4,766,1964,3,1,2,North_Ames
179900,117.5,869,1965,3,2,2,North_Ames
168500,125.4,838,1964,3,1,2,North_Ames
140000,103.5,920,1961,3,1,2,North_Ames
145500,97.8,930,1959,3,1,1,North_Ames
142000,116.3,996,1959,3,1,2,North_Ames
141000,102.2,1161,1960,3,1,1,North_Ames
153000,103.9,1053,1960,3,1,1,North_Ames
72500,66.9,616,1949,2,1,1,Brookside
52000,67.7,384,1935,2,1,0,Brookside
118000,100.1,689,1939,2,1,1,Brookside
87000,84.2,454,1937,2,1,1,Brookside
141500,139,892,1960,3,2,2,North_Ames
119000,116.3,892,1950,3,1,1,North_Ames
141500,124.2,892,1950,3,1,1,North_Ames
165500,154.3,892,1955,3,1,1,North_Ames
112900,96.2,705,1953,3,1,1,North_Ames
201800,169.1,1273,1965,4,1,2,North_Ames
163000,126.5,947,1961,3,1,2,North_Ames
139950,106.3,732,1961,3,1,2,North_Ames
174000,142.8,780,1962,3,1,2,North_Ames
165000,132.9,850,1962,3,1,1,North_Ames
227000,184.7,1363,1966,4,2,2,North_Ames
135000,102,687,1955,3,1,1,North_Ames
124000,106.3,855,1963,3,1,1,North_Ames
140000,119.2,721,1962,3,1,2,North_Ames
136500,109.3,823,1957,3,1,1,North_Ames
185000,133.8,914,1959,2,2,1,North_Ames
163000,117.1,847,1958,3,1,2,North_Ames
166800,145.9,1226,1958,3,1,2,North_Ames
139000,111.1,836,1956,2,1,1,North_Ames
166000,129.3,1106,1957,3,1,2,North_Ames
136000,100.3,879,1958,3,1,1,North_Ames
133000,102.6,968,1956,3,1,1,North_Ames
116000,81.9,1074,1952,2,1,1,North_Ames
137500,107,871,1953,3,1,2,North_Ames
130000,88.3,1187,1953,2,1,2,North_Ames
180000,166.3,1324,1957,3,2,2,North_Ames
139000,88.4,683,1951,2,1,2,North_Ames
110000,71.8,713,1953,2,1,1,North_Ames
100000,163.9,821,1957,4,2,1,North_Ames
118500,113,788,1947,2,1,1,North_Ames
146000,169.4,1155,1957,5,2,2,North_Ames
89900,80.7,940,1948,1,1,1,Old_Town
114000,107.7,697,1925,3,1,1,Old_Town
140000,144.7,1015,1945,3,1,1,North_Ames
86900,62.4,502,1940,2,1,1,Old_Town
139000,133.4,1007,1922,3,1,4,Old_Town
106250,120.2,1003,1900,3,2,0,Old_Town
171000,159.4,859,1962,4,1,2,North_Ames
139000,97,946,1968,3,1,2,North_Ames
186000,121.9,1055,1958,3,1,2,North_Ames
157000,116.4,1014,1960,2,1,1,North_Ames
148000,100.4,1201,1960,3,1,1,North_Ames
242000,192.2,2569,1960,4,2,2,North_Ames
116000,84.5,826,1953,3,1,2,North_Ames
94000,81.4,669,1951,2,1,2,North_Ames
98300,97.4,669,1950,3,1,2,North_Ames
127000,140,735,1960,4,2,1,North_Ames
159000,116.7,743,1959,3,1,1,North_Ames
125900,95.4,743,1962,3,1,1,North_Ames
155000,117.9,737,1960,3,1,1,North_Ames
138000,122.6,749,1948,3,2,2,North_Ames
112500,91.4,594,1954,2,1,1,North_Ames
105500,77.3,671,1954,2,1,2,North_Ames
127500,118.7,669,1954,4,1,1,North_Ames
130000,167.2,791,1961,6,2,0,North_Ames
150000,147.5,669,1955,3,1,2,North_Ames
109500,76.6,669,1954,2,1,1,North_Ames
140000,166.8,656,1963,4,1,2,North_Ames
167900,149.7,907,1964,4,1,2,North_Ames
136870,103.8,705,1963,3,1,1,North_Ames
143000,105.3,914,2008,3,1,1,Old_Town
73000,71,486,1925,2,1,2,Old_Town
157500,143,970,1904,3,2,2,Old_Town
122600,122.9,853,1948,3,1,2,Old_Town
111000,126.3,446,1910,2,1,1,Old_Town
256000,259.4,970,1920,5,2,2,Old_Town
64000,62.4,446,1940,2,1,1,Old_Town
139500,135.3,557,1915,4,1,1,Old_Town
118000,148.1,1061,1910,3,2,0,Old_Town
200000,193.4,1061,2003,3,2,2,Old_Town
119164,153.8,709,1940,2,2,2,Old_Town
122250,161.6,679,1920,2,1,1,Old_Town
120000,95.4,502,1920,2,1,0,Old_Town
155000,133.4,1003,1940,3,2,2,Old_Town
78000,83.5,628,1910,2,1,1,Old_Town
95000,100.3,549,1890,3,1,0,Old_Town
115000,73.3,557,1948,2,1,1,Old_Town
147000,104.2,1115,1948,2,1,2,Old_Town
140000,139.3,836,1946,3,1,3,Old_Town
46500,37.8,679,1946,1,1,1,Old_Town
112500,86.2,557,1957,3,1,1,Old_Town
107900,83.7,557,1954,2,1,1,Old_Town
65000,147.5,1134,1949,5,2,0,Old_Town
295000,324.5,1708,1880,3,3,3,Old_Town
139500,151.1,849,1900,4,2,2,Old_Town
153900,131.5,1177,1915,4,1,3,Old_Town
132000,134.7,497,1920,3,1,1,Old_Town
98000,124.9,425,1916,4,1,3,Old_Town
114000,94.5,849,1900,2,1,1,Old_Town
130000,218.3,892,1920,4,2,2,Old_Town
129500,191.2,892,1917,3,1,2,Old_Town
129400,143.1,557,1905,3,1,0,Old_Town
161000,128,892,1928,3,2,2,Old_Town
163000,177.6,1003,1905,3,2,2,Old_Town
128000,137.9,585,1914,3,2,0,Old_Town
122000,219.1,488,1872,4,2,0,Old_Town
116900,103.2,530,1926,2,1,1,Old_Town
325000,257.8,1254,1893,3,3,2,Old_Town
55000,100.9,1053,1920,2,1,2,Old_Town
184000,231.8,1003,1890,5,2,2,Old_Town
110000,91.4,906,1959,2,1,1,Old_Town
131500,166.8,1129,1954,4,2,1,Old_Town
97000,81.9,1180,1956,2,1,1,Old_Town
115500,101.5,791,1958,2,1,1,Old_Town
138000,106.2,661,1928,2,1,1,Brookside
108000,155,690,1945,3,1,1,Brookside
79500,86.9,845,1930,2,1,1,Brookside
153000,161.5,651,1935,3,2,1,Brookside
109500,72.8,569,1924,2,1,0,Brookside
124000,112.4,464,1941,3,1,1,Brookside
106900,119.8,545,1900,3,1,1,Brookside
164900,155.3,557,1940,3,1,1,Brookside
119000,88.2,557,1924,2,1,2,Brookside
120000,107.6,557,1929,3,1,1,Brookside
157000,139.1,557,1937,3,2,1,Brookside
105000,124.7,557,1939,2,2,1,Brookside
113000,94.1,464,1926,3,1,1,Brookside
115000,113,513,1920,3,1,1,Brookside
79000,83.2,552,1946,2,1,1,Brookside
123000,105.5,580,1929,2,1,1,Brookside
81300,75.1,569,1945,1,1,1,Brookside
162900,146.1,580,1930,3,2,2,Brookside
150000,186.6,580,1939,4,2,2,Brookside
123500,176.7,569,1923,4,2,2,Old_Town
129900,164.8,569,1931,2,2,2,Old_Town
128000,126.5,572,1920,3,2,2,Brookside
68500,48.3,587,1927,1,1,1,Brookside
127000,119.4,802,1948,2,1,1,Brookside
207000,171.7,1213,1923,4,1,2,Brookside
184000,169.1,847,1925,4,2,1,Brookside
162500,159.4,849,1915,4,2,2,Brookside
145000,139.8,849,1940,3,1,1,Brookside
130000,77.9,954,1918,2,1,1,Brookside
160000,184.3,752,1910,5,2,1,Old_Town
161000,154.8,474,1925,3,1,1,Old_Town
127500,149.5,404,1910,3,1,1,Old_Town
93850,71.3,584,1930,1,1,2,Iowa_DOT_and_Rail_Road
136000,142.7,954,1952,4,1,1,Iowa_DOT_and_Rail_Road
141000,182.9,639,1938,4,2,2,Iowa_DOT_and_Rail_Road
120000,121.5,959,1915,2,2,2,Iowa_DOT_and_Rail_Road
127500,96.6,669,1925,2,1,2,Iowa_DOT_and_Rail_Road
127000,114.8,651,1925,3,2,1,Iowa_DOT_and_Rail_Road
89500,130.6,736,1920,3,1,0,Iowa_DOT_and_Rail_Road
125000,76.6,765,1955,2,1,2,Old_Town
79900,111.3,519,1920,4,1,0,Old_Town
85000,70.5,959,1912,1,1,2,Iowa_DOT_and_Rail_Road
82375,124.9,959,1915,3,2,0,Iowa_DOT_and_Rail_Road
135000,136.5,959,1906,3,1,1,Iowa_DOT_and_Rail_Road
124000,97.9,881,1947,3,1,1,Sawyer
134000,112.5,766,1968,3,1,1,Sawyer
135000,118.1,1977,1948,4,2,1,Sawyer
134432,147.5,1590,1959,4,2,2,Clear_Creek
127500,125.9,939,1940,4,2,0,Edwards
148000,99.9,1044,1963,3,1,2,Sawyer
129500,96.6,1040,1965,3,1,1,Sawyer
157500,101.8,1209,1978,3,1,2,Sawyer
109900,84,665,1966,3,1,1,Sawyer
145000,92.2,954,1967,3,1,1,Sawyer
130000,83.1,907,1967,3,1,2,Sawyer
153000,96.1,716,1978,3,1,2,Sawyer
120000,99.7,927,1967,3,1,1,Sawyer
152000,104.6,687,1984,2,1,2,Sawyer
108959,116.9,1198,1969,0,0,2,Sawyer
95541,105.9,1198,1920,3,1,2,Sawyer
80000,93.5,836,1959,3,1,0,Sawyer
149350,114.1,794,1966,3,1,1,Sawyer
144900,89.2,858,1963,3,1,1,Sawyer
185000,110.4,1317,1956,1,1,2,Sawyer
165000,128.5,1234,1954,3,1,1,Sawyer
235000,116.3,1254,1960,1,1,2,Clear_Creek
140000,148.7,1284,1958,3,1,1,Sawyer
108000,62.4,948,1940,2,1,1,Sawyer
145000,159.9,978,1960,3,2,2,Clear_Creek
152400,125.4,778,1941,2,1,3,Sawyer
144000,84,948,1970,3,1,3,Sawyer
173000,119.9,268,1996,2,1,2,Clear_Creek
192000,187.8,929,1977,4,2,2,Clear_Creek
245000,141.6,1883,1979,3,2,2,Clear_Creek
241500,126.6,3633,1954,2,1,2,Clear_Creek
256000,154.5,4945,1954,2,1,2,Clear_Creek
177000,126.1,1069,1959,2,1,1,Edwards
125600,100.2,482,1948,2,1,1,Edwards
155000,101.6,971,1953,3,1,2,Edwards
240000,219.1,4236,1908,5,3,2,Clear_Creek
260000,141,1816,1940,2,1,0,Edwards
185000,155.5,2023,1918,4,2,2,Edwards
235000,195.8,1275,1935,4,2,2,Edwards
159900,140.2,889,1956,3,1,1,Edwards
99600,80.3,869,1975,2,1,0,Edwards
134500,117.9,870,1962,3,1,1,Edwards
119000,127,781,1900,4,1,1,Edwards
107500,125.1,650,1910,3,1,0,Edwards
125000,108.1,1011,1950,3,1,1,Edwards
79000,101.8,892,1924,2,1,0,Edwards
95000,103.2,844,1941,3,1,1,Edwards
262280,216.4,1100,1990,4,2,2,Sawyer_West
260000,261.4,908,1995,4,2,2,Sawyer_West
226500,151.1,923,1994,3,2,2,Sawyer_West
225000,204.4,1316,1993,4,2,2,Sawyer_West
229000,189.2,979,1996,3,2,2,Sawyer_West
177439,126,986,2007,3,2,2,College_Creek
248500,150,868,2007,3,2,3,College_Creek
475000,211.4,1094,2008,3,2,3,College_Creek
395039,164.1,1094,2008,3,2,3,College_Creek
228000,194.8,1043,1993,3,2,3,Sawyer_West
225000,140.4,1064,1995,3,2,3,Sawyer_West
195000,152.6,1068,1966,2,2,2,Clear_Creek
200000,156.8,1189,1997,4,2,2,Clear_Creek
155000,92,906,1994,3,1,2,College_Creek
144000,102.1,885,1995,3,1,1,College_Creek
145000,92,859,1994,3,1,2,College_Creek
226001,131.7,808,1997,3,2,2,College_Creek
215700,164.5,1221,1997,3,2,2,College_Creek
207500,153.5,836,2000,3,2,2,College_Creek
193000,166.3,853,1999,3,2,2,College_Creek
188000,160.2,829,1998,3,2,2,College_Creek
191000,137.4,872,1999,3,2,2,College_Creek
221000,138.8,1189,2002,3,2,2,College_Creek
231500,166.5,1155,2001,3,2,2,College_Creek
235000,169.4,1133,2000,3,2,2,College_Creek
223500,165.9,1045,2001,3,2,2,College_Creek
130250,87.1,855,1975,3,1,1,College_Creek
149900,91.5,779,1977,3,2,1,College_Creek
158000,109.1,1138,1978,3,1,2,College_Creek
147000,95.3,1019,1978,3,1,2,College_Creek
143195,100,856,1975,3,1,2,College_Creek
163000,144.7,1331,1975,2,2,2,College_Creek
110000,85.8,742,1975,3,1,1,College_Creek
127000,80.3,667,1972,3,1,1,College_Creek
124900,72.5,669,1972,2,1,1,College_Creek
230000,166.8,905,2002,3,2,2,College_Creek
237000,188.7,880,2002,3,2,2,College_Creek
235000,173.3,958,2000,3,2,3,College_Creek
230500,200.8,966,2001,3,2,2,College_Creek
230000,172.1,842,1999,3,2,3,College_Creek
222500,188.7,1059,1998,3,2,2,College_Creek
287000,210.2,858,2001,3,2,2,College_Creek
274000,180.9,903,2001,3,2,3,College_Creek
300000,165.9,1380,2002,3,2,3,College_Creek
255900,212.7,1045,2002,4,2,2,College_Creek
224900,164.2,758,2003,3,2,2,College_Creek
240000,216.2,1013,2003,4,2,2,College_Creek
183000,152.4,671,2003,3,2,2,College_Creek
207000,163.9,1086,1999,3,2,2,College_Creek
210000,177.3,813,1994,4,2,2,College_Creek
136500,78.8,412,2003,1,1,2,College_Creek
145000,78.8,411,2004,1,1,2,College_Creek
208900,138.7,1219,1997,3,2,2,College_Creek
185000,170.8,941,1997,2,2,3,College_Creek
214000,142.7,849,2002,3,2,2,College_Creek
208500,158.9,785,2003,3,2,2,College_Creek
186500,134.2,906,2004,3,2,2,College_Creek
210000,133.4,785,2004,3,2,2,College_Creek
185900,147,773,2004,3,2,2,College_Creek
179900,114.6,1026,2007,3,2,2,College_Creek
218836,145.3,1027,2007,3,2,3,College_Creek
193000,126.4,894,2007,3,2,2,College_Creek
189000,135.3,762,2005,3,2,2,College_Creek
149300,78.8,411,2004,1,1,2,College_Creek
141000,78.8,411,2004,1,1,2,College_Creek
149000,78.8,412,2004,1,1,2,College_Creek
144500,78.8,412,2004,1,1,2,College_Creek
85000,73.9,815,1910,2,1,0,Edwards
145900,204.4,815,1900,4,2,0,Edwards
123000,101.4,913,1966,3,1,1,Edwards
147500,116.7,923,1965,3,1,1,Edwards
165000,96,1124,1976,3,1,2,Edwards
135000,104.7,604,1976,3,1,2,Edwards
108000,92.5,1292,1940,3,1,0,Edwards
137500,109.7,930,1972,3,2,2,Edwards
165400,153.8,644,2003,3,2,2,Edwards
147000,103.8,895,1977,3,1,2,Edwards
160500,129.9,669,1976,3,1,2,Edwards
176000,105.2,653,2005,2,1,2,Edwards
284700,354.9,4367,1959,5,3,2,Edwards
160000,524.1,5935,2008,3,2,2,Edwards
148000,99.6,341,2005,2,1,2,Edwards
82000,107,561,1955,2,2,0,Edwards
82000,107,559,1955,2,2,0,Edwards
118000,133.8,1125,1955,4,2,0,Edwards
82500,107,636,1955,2,2,0,Edwards
91900,72.8,644,1955,2,1,0,Edwards
120000,97.8,1132,1938,2,1,0,Edwards
96000,105.6,748,1947,4,1,0,Edwards
99000,86.4,884,1953,2,1,1,Edwards
130500,111.5,1093,1946,3,1,1,Edwards
135000,136.6,759,1954,4,2,1,Edwards
135500,129.4,1530,1955,3,1,1,Edwards
100000,111.9,715,1954,3,1,1,Edwards
108000,120,478,1923,3,1,1,Edwards
98000,80.3,521,1925,2,1,0,Edwards
67000,80.3,766,1914,2,1,0,Edwards
135900,159.4,528,1912,6,2,0,South_and_West_of_Iowa_State_University
140000,137.7,1129,1925,4,2,1,South_and_West_of_Iowa_State_University
179500,203.6,780,1939,4,2,1,South_and_West_of_Iowa_State_University
136500,157.4,780,1925,4,2,2,South_and_West_of_Iowa_State_University
168000,132.3,677,1921,2,2,1,South_and_West_of_Iowa_State_University
130000,182.5,792,1911,4,1,0,South_and_West_of_Iowa_State_University
189000,241.6,914,1921,4,3,2,South_and_West_of_Iowa_State_University
161900,178.4,725,1930,4,2,2,South_and_West_of_Iowa_State_University
145000,122.3,833,1926,2,1,1,Crawford
191000,237.4,1071,1922,3,2,2,Crawford
177000,156.1,1447,1915,4,2,1,Crawford
147500,117.4,1446,1914,3,1,2,Crawford
91000,73.4,585,1930,2,1,1,South_and_West_of_Iowa_State_University
231000,140.5,707,1925,3,2,1,Crawford
115000,152.3,974,1936,3,1,1,South_and_West_of_Iowa_State_University
138000,148.9,896,1923,4,1,2,Crawford
149000,139.5,669,1931,3,1,1,Crawford
188700,154.2,1114,1934,3,1,1,Crawford
198000,180,1087,1937,4,2,1,Crawford
110000,127.6,860,1938,3,1,1,Crawford
104000,101.4,725,1951,2,1,1,Crawford
257076,174,898,1935,4,1,2,Crawford
381000,320.2,1310,1935,4,3,3,Crawford
311500,181.5,1455,1939,3,1,2,Crawford
263400,200.8,1151,1950,3,2,2,Crawford
236500,176.3,2422,1956,3,2,2,Crawford
224000,152.4,1373,1954,3,1,2,Crawford
116500,95.9,175,1980,2,1,2,Blueste
151000,144.6,181,1980,3,2,2,Blueste
126000,85.4,650,1926,2,1,1,Iowa_DOT_and_Rail_Road
120000,101.3,557,1940,3,1,1,Iowa_DOT_and_Rail_Road
55000,73.9,338,1922,2,1,0,Iowa_DOT_and_Rail_Road
120500,75.8,547,1930,2,1,1,Iowa_DOT_and_Rail_Road
120500,72.3,641,1940,2,1,1,Iowa_DOT_and_Rail_Road
119000,111.5,758,1930,4,1,0,Iowa_DOT_and_Rail_Road
126000,153.8,557,1967,3,1,1,Iowa_DOT_and_Rail_Road
99500,84.7,687,1930,2,1,1,Iowa_DOT_and_Rail_Road
165500,181.6,836,1958,4,2,1,Iowa_DOT_and_Rail_Road
13100,68.1,1355,1952,2,1,2,Iowa_DOT_and_Rail_Road
89000,126.4,491,1895,2,1,1,Iowa_DOT_and_Rail_Road
40000,122.3,790,1920,3,1,1,Iowa_DOT_and_Rail_Road
80900,97.5,478,1910,2,1,1,Iowa_DOT_and_Rail_Road
81000,83.1,1672,1935,2,1,3,Iowa_DOT_and_Rail_Road
65000,80.3,836,1920,3,1,1,Iowa_DOT_and_Rail_Road
392500,153.5,519,2008,2,2,2,Crawford
294464,153.1,357,2007,2,2,2,Crawford
250000,152.9,354,2004,2,2,2,Crawford
275000,152.9,357,2004,2,2,2,Crawford
300000,188.8,2205,1996,3,3,3,Mitchell
271000,156.9,1232,2002,3,2,3,Mitchell
213000,169.1,1027,1996,3,2,3,Mitchell
171000,103.9,918,1977,3,1,1,Mitchell
171500,118.8,941,1977,3,2,2,Mitchell
100000,173.9,953,1976,4,2,2,Mitchell
228500,156.9,928,1991,3,2,2,Mitchell
228950,165.9,15297,1965,3,2,2,Timberland
241500,139.4,379,1986,2,2,2,Timberland
287000,269.2,1440,1976,2,2,2,Timberland
294000,142.8,1074,2006,3,2,3,Timberland
293077,152.9,884,2007,3,2,3,Timberland
264966,165.4,1194,2007,3,2,2,Timberland
172500,134,911,2006,3,2,2,Timberland
167500,129.5,904,2006,3,2,2,Timberland
218689,149.8,1116,2008,3,2,3,Timberland
150000,138.9,1197,1989,3,2,2,Timberland
184000,153.4,1153,1986,3,2,2,Timberland
180000,116.7,1697,1986,3,2,2,Timberland
175000,140.2,948,1988,3,2,2,Timberland
232500,133.8,1041,2003,3,2,2,Timberland
195000,155.6,735,1999,3,2,2,Timberland
305000,210.1,1137,2003,4,2,3,Timberland
298751,160.5,1064,2007,3,2,2,Timberland
370000,182.5,1063,2005,3,2,3,Timberland
209200,124.9,831,1997,2,2,4,Mitchell
206300,124.9,656,1997,2,2,4,Mitchell
146000,101.4,862,2007,2,1,0,Mitchell
160500,110.5,418,1997,2,2,2,Mitchell
173000,111.5,1313,1964,3,1,3,Mitchell
124000,96.6,392,1975,3,1,2,Meadow_Village
115000,121.1,248,1976,3,1,1,Meadow_Village
129500,137,248,1976,4,2,1,Meadow_Village
105000,91.8,183,1973,2,1,1,Meadow_Village
94900,91.8,148,1973,1,1,1,Meadow_Village
152500,107.8,1670,1968,3,1,1,Mitchell
98000,101.4,137,1970,3,2,0,Meadow_Village
81000,58.5,176,1972,1,1,0,Meadow_Village
113000,91.8,2021,1954,2,1,2,Mitchell
128500,75.8,603,1983,2,1,1,Mitchell
119500,85.7,646,1984,3,1,1,Mitchell
130500,75.8,613,1982,3,1,1,Mitchell
138000,75.8,613,1982,2,1,2,Mitchell
134500,78.5,613,1982,3,1,1,Mitchell
160000,162.6,1162,1940,4,2,1,Mitchell
137500,82.6,1151,1984,3,1,2,Mitchell
172000,182.8,1029,1969,4,2,2,Mitchell
103000,170.6,5258,1900,4,2,1,Iowa_DOT_and_Rail_Road
167300,147.4,991,1971,3,2,2,North_Ames
167000,118.6,987,1970,2,1,2,North_Ames
244000,206.5,1268,1973,3,2,2,North_Ames
268000,206,1474,1970,4,2,2,North_Ames
225000,161,1151,2003,3,2,2,Gilbert
168000,146,963,1995,3,2,2,Gilbert
177000,136.6,1288,1997,3,2,2,Gilbert
169000,148.6,815,1997,3,2,2,Gilbert
161500,128.6,824,1997,3,2,2,Gilbert
251000,153.5,495,2000,2,2,2,Stone_Brook
160000,157.4,943,1994,3,2,2,Gilbert
180000,159.2,802,1999,3,2,2,Gilbert
178750,144.3,732,1996,3,2,2,Gilbert
176000,116.4,732,1995,3,2,2,Gilbert
204000,213.6,697,1999,5,3,2,Gilbert
160000,110.3,888,1992,3,2,2,Gilbert
160000,136.7,1002,1991,3,2,2,Gilbert
163900,137.7,848,1992,3,2,2,Gilbert
168000,152.5,711,1993,3,2,2,Gilbert
154204,104.8,1687,1964,3,1,2,Gilbert
170000,101.1,343,1986,2,1,2,Stone_Brook
207500,194.2,470,1984,3,2,2,Stone_Brook
182000,109.5,440,1988,2,2,2,Stone_Brook
212000,122.7,475,1990,1,1,2,Stone_Brook
377426,178.6,1315,2005,3,2,3,Stone_Brook
349265,236.1,1145,2005,4,3,3,Stone_Brook
591587,217.2,4828,2006,4,2,3,Stone_Brook
155000,132.3,3865,1969,3,1,3,Gilbert
319900,149.8,746,2006,2,2,2,Stone_Brook
392000,131.8,751,2007,2,2,2,Stone_Brook
441929,207.5,1308,2006,1,1,2,Stone_Brook
455000,189.7,1289,2006,3,2,3,Stone_Brook
182900,133.8,1166,1981,3,2,2,Northwest_Ames
174000,119.3,1018,1984,3,2,2,Northwest_Ames
178000,173.5,1123,1984,3,3,2,Northwest_Ames
176000,137.4,1123,1981,3,2,2,Northwest_Ames
213000,154.6,1143,1978,3,2,2,Northwest_Ames
192000,179.3,1053,1979,4,2,2,Northwest_Ames
190000,182.9,1110,1977,3,2,2,Northwest_Ames
195000,188.6,1119,1976,4,2,2,Northwest_Ames
148000,95.9,966,1978,3,2,2,Northwest_Ames
151500,109.3,1101,1984,3,2,2,Northwest_Ames
197000,160.3,1076,1979,3,2,2,Northwest_Ames
192350,125.7,966,1979,2,2,2,Northwest_Ames
152000,150.5,1003,1969,4,2,2,Northwest_Ames
170000,113.3,1208,1971,2,2,2,Northwest_Ames
175000,137.9,1137,1971,3,2,2,Northwest_Ames
175000,161.9,1087,1968,3,1,2,Northwest_Ames
197900,179.8,1150,1976,3,2,2,Northwest_Ames
174000,123,835,1976,3,2,2,Northwest_Ames
178900,174.4,743,1974,4,2,2,Northwest_Ames
139000,103,975,1971,3,1,1,North_Ames
143250,91.1,978,1971,3,1,2,North_Ames
184000,137.4,694,1972,4,1,2,North_Ames
155000,132.1,879,1970,3,1,2,North_Ames
133000,84.9,736,1970,3,1,1,North_Ames
119500,88.3,907,1971,3,1,1,North_Ames
123000,81,771,1971,3,1,4,North_Ames
110000,79.7,682,1971,2,1,1,North_Ames
128000,84.9,1598,1961,2,1,1,North_Ames
120500,80.3,836,1971,3,1,2,North_Ames
133000,71.3,377,1998,1,1,1,North_Ames
155000,124.2,382,2001,2,2,2,North_Ames
177000,124.2,1017,1997,2,2,2,North_Ames
113500,101.4,205,1973,3,1,1,Briardale
113000,113.2,176,1973,3,1,1,Briardale
113700,113.2,191,1973,4,1,1,Briardale
106000,121,187,1970,3,2,2,Briardale
122500,126.8,178,1971,2,1,2,Briardale
128000,89,458,1976,2,2,2,Northpark_Villa
155000,143.8,214,1976,3,2,2,Northpark_Villa
142500,98,214,1978,2,2,1,Northpark_Villa
129250,91.8,664,1966,3,1,1,North_Ames
356000,168.7,1158,2006,3,2,3,Northridge_Heights
314813,169.8,1086,2007,3,2,3,Northridge_Heights
318000,157.4,1118,2007,3,2,3,Northridge_Heights
322400,157.4,1099,2006,3,2,3,Northridge_Heights
318000,161.1,1123,2007,3,2,3,Northridge_Heights
345474,197.1,1332,2007,2,2,3,Northridge_Heights
415298,197,1342,2006,3,2,3,Northridge_Heights
492000,246.7,1267,2007,3,2,3,Northridge_Heights
338931,236.9,1249,2006,4,2,3,Northridge_Heights
450000,190.1,1434,2005,2,2,3,Northridge_Heights
280000,201.8,1315,2006,3,2,3,Northridge_Heights
479069,237.1,1290,2007,3,2,3,Northridge_Heights
395000,183.3,1322,2006,3,2,3,Northridge_Heights
380000,245.5,1272,2006,3,2,3,Northridge_Heights
250000,151.8,1062,2006,3,2,3,Northridge_Heights
440000,183.6,1391,2006,2,2,3,Northridge_Heights
418000,256.2,1268,2005,4,2,3,Northridge_Heights
500067,212.7,1595,2007,2,2,3,Northridge_Heights
260116,199.9,1548,2007,3,2,2,Northridge_Heights
317000,229.7,891,2004,4,2,3,Northridge_Heights
319500,195.1,902,2007,3,2,3,Northridge_Heights
325624,200.8,981,2007,3,1,3,Northridge_Heights
372000,167.4,1265,2006,3,2,3,Northridge_Heights
342000,274.6,1214,2004,5,2,3,Northridge_Heights
354000,229.3,1124,2004,4,2,3,Northridge_Heights
350000,221.6,1326,2003,3,2,3,Northridge_Heights
285000,220.5,1115,2003,4,2,3,Northridge_Heights
281500,168.9,1168,2007,3,2,3,Northridge_Heights
245700,149.9,922,2005,3,2,3,Northridge_Heights
232698,159.9,860,2005,3,2,2,Northridge_Heights
250000,169.8,997,2006,3,2,3,Northridge_Heights
194700,126.5,704,2005,2,2,2,Northridge_Heights
204000,121,362,2005,1,1,2,Northridge_Heights
200000,121,363,2005,1,1,2,Northridge_Heights
207000,126.5,584,2005,2,2,2,Northridge_Heights
209500,144.4,426,2006,2,2,2,Northridge_Heights
209500,144.4,426,2006,2,2,2,Northridge_Heights
202500,127.3,598,2006,2,2,2,Northridge_Heights
280000,146.5,728,2005,2,2,2,Northridge_Heights
277500,145,679,2005,2,2,2,Northridge_Heights
318061,173.6,726,2007,2,2,2,Northridge_Heights
221370,123,580,2006,2,2,2,Northridge_Heights
200000,130.5,301,2003,2,2,2,Northridge_Heights
181755,139,1469,2007,3,3,2,Gilbert
176000,142.7,951,2005,3,2,2,Gilbert
178900,137.9,951,2005,3,2,2,Gilbert
168165,135.4,1227,2006,3,2,2,Gilbert
171925,138.9,823,2006,3,2,2,Gilbert
198444,162.2,904,2006,3,2,3,Gilbert
203000,123.2,1135,2005,3,2,2,Gilbert
179540,135.3,838,2007,3,2,2,Gilbert
176485,121,835,2007,3,2,2,Gilbert
181134,124.5,827,2007,3,2,2,Gilbert
156932,131.2,790,2006,3,2,2,Gilbert
166000,139.7,764,2007,3,2,2,Gilbert
177594,135.3,717,2007,3,2,2,Gilbert
173500,116.9,715,2007,3,2,2,Gilbert
172500,116.9,364,2006,2,2,3,Bloomington_Heights
194201,130.2,364,2006,2,0,3,Bloomington_Heights
226500,147.6,336,2003,2,2,3,Bloomington_Heights
185485,117.6,345,2007,2,2,2,Bloomington_Heights
259000,142.1,1354,2004,3,2,3,Gilbert
188500,104,1507,2004,2,2,2,Gilbert
175000,127.6,1030,2004,3,2,2,Gilbert
215000,182,1096,2004,4,2,2,Gilbert
206580,141.7,1016,2006,3,2,2,Gilbert
183500,159.8,766,2004,3,2,2,Gilbert
165500,129.5,1110,2003,3,2,2,Gilbert
211000,181,732,2003,4,2,2,Gilbert
181000,157,749,2000,3,2,2,Gilbert
219500,185.3,812,2002,4,2,2,Gilbert
175000,153,735,1999,3,2,2,Gilbert
170000,132.8,926,2000,3,2,2,Gilbert
162000,122.6,720,2003,3,2,2,Gilbert
187000,157,881,2000,3,2,2,Gilbert
185000,152.7,896,1999,3,2,2,Gilbert
745000,415.8,1451,1996,4,3,3,Northridge
384500,237,1133,1997,4,2,3,Northridge
248000,212.3,1022,2000,4,2,3,Northridge
466500,244.6,1059,2001,2,2,3,Northridge
410000,285.9,981,1998,4,2,3,Northridge
322500,239.9,1022,1998,4,2,3,Northridge
252000,221.6,1002,1998,4,2,3,Northridge
755000,401,2001,1994,4,3,3,Northridge
269790,187,922,1996,3,2,2,Northridge
315750,222.8,1095,1996,3,2,3,Northridge
290000,234.1,924,1995,4,2,3,Northridge
290000,235.1,1139,1995,4,2,3,Northridge
430000,299.9,1179,1992,4,3,2,Northridge
263000,204.6,1093,1992,4,2,2,Northridge
330000,235.8,840,1996,4,2,3,Northridge
213133,127.2,921,2007,3,2,2,Somerset
260261,143.3,1099,2007,3,2,3,Somerset
320000,177,1084,2006,3,2,3,Somerset
282922,136,1417,2007,3,2,3,Somerset
215000,142.5,986,2006,3,2,2,Somerset
419005,182.6,1142,2007,1,2,3,Somerset
255000,152,1254,2006,3,2,3,Somerset
147000,166.8,928,2006,2,2,3,Somerset
235876,142,926,2007,3,3,2,Somerset
311872,160.3,875,2007,3,2,3,Somerset
248328,156.9,915,2007,3,2,3,Somerset
227000,147.5,929,2006,3,2,3,Somerset
260000,142.9,822,2005,3,2,2,Somerset
225000,139,851,2007,3,2,2,Somerset
249000,139.9,767,2005,3,2,2,Somerset
307000,157.4,937,2004,3,2,2,Somerset
250000,183.7,892,2006,3,2,3,Somerset
221300,170,815,2006,3,2,3,Somerset
208900,124.3,803,2007,3,2,2,Somerset
210400,124,836,2006,3,2,2,Somerset
255000,166.5,803,2007,3,2,2,Somerset
212109,147.5,967,2007,3,3,2,Somerset
270000,182,836,2006,3,2,3,Somerset
303477,242.5,836,2007,4,2,2,Somerset
310013,174.7,1135,2007,3,2,3,Somerset
249700,153.8,1031,2006,3,2,3,Somerset
227875,163.6,948,2007,3,3,2,Somerset
261329,147.2,970,2007,2,2,2,Somerset
253000,156.5,1098,2006,2,2,3,Somerset
265000,227,987,2004,4,2,3,Somerset
340000,229.1,1035,2004,4,3,2,Somerset
146000,102.2,697,2006,3,1,0,Sawyer_West
147000,106.2,697,2006,3,1,0,Sawyer_West
149000,101.6,1157,2003,3,1,2,Sawyer_West
181000,138,691,2006,3,2,2,Sawyer_West
201000,159.9,786,1994,3,2,2,Sawyer_West
191750,169.1,1079,1993,3,2,2,Sawyer_West
179000,125.3,785,2000,3,2,2,Sawyer_West
215000,138.8,1505,1998,3,2,2,Sawyer_West
179200,146.3,744,1992,2,2,2,Sawyer_West
128000,117.6,744,1980,2,1,1,Sawyer_West
144000,82.1,853,1983,2,1,2,Sawyer_West
144000,187.7,780,1977,4,2,2,Sawyer_West
120750,83.1,584,1977,2,1,1,Sawyer
132500,90.1,788,1963,2,1,2,Sawyer
132000,98.2,689,1962,3,1,2,Sawyer
132500,92.8,721,1962,3,1,1,Sawyer
129000,104,648,1961,3,1,2,Sawyer
143900,157.6,1270,1962,3,1,1,Sawyer
145000,96.6,695,1968,3,1,2,Sawyer
128500,91.8,924,1961,3,1,2,Sawyer
125500,83.8,573,1967,3,1,1,Sawyer
300000,232.5,1814,1990,3,2,2,Veenker
294000,201.3,1630,1974,3,2,2,Veenker
129000,96.3,999,1974,2,1,2,Sawyer
171000,158,1547,1975,3,2,2,Sawyer
147000,98,1181,1973,2,1,2,Sawyer
302000,261,889,1990,4,2,2,Northridge
285000,266.8,992,1992,4,2,2,Northridge
214000,128,407,2004,2,2,2,Somerset
166000,106.9,327,2006,2,2,2,Somerset
193800,145.4,352,2006,2,2,2,Somerset
208900,125.6,393,2006,2,2,2,Somerset
194000,125.6,335,2006,2,2,2,Somerset
207500,144,495,2006,2,2,2,Somerset
199900,115.3,397,2006,1,1,2,Somerset
164700,116.1,395,2006,2,2,2,Somerset
176500,139.4,212,1999,3,2,2,Somerset
176000,135.4,300,1999,2,2,2,Somerset
168500,140.5,197,2000,2,2,2,Somerset
177000,146.1,197,2000,3,2,2,Somerset
177000,141.7,197,2000,3,2,2,Somerset
148800,102.4,474,2004,2,2,2,Somerset
174000,133.9,246,1999,2,2,2,Somerset
239000,181.2,687,1997,3,2,2,Somerset
204000,126.2,680,1999,3,2,2,Somerset
301000,190.3,744,2003,3,2,2,Somerset
312500,219.4,782,1998,3,2,2,Somerset
279700,138.8,879,1994,1,1,2,Veenker
255000,219.4,1115,1980,3,2,2,Veenker
194000,133,1501,1978,2,1,2,Veenker
218000,133.5,1000,1976,3,2,2,Veenker
213750,120.3,357,1978,1,1,2,Greens
187000,172.3,892,1976,3,2,2,Veenker
181500,117.2,892,1976,3,2,2,Veenker
373000,232,1652,1981,2,2,2,Veenker
190000,243.4,1755,1977,4,2,2,Sawyer
226000,179.2,655,2001,3,2,2,Somerset
143450,107,1087,1968,3,1,2,Northwest_Ames
240050,224,743,1970,4,2,2,Northwest_Ames
162500,100.5,810,1969,3,1,2,Northwest_Ames
164000,120.3,1087,1968,3,1,2,Northwest_Ames
185000,149.6,1055,1972,3,2,2,Northwest_Ames
188500,148.1,887,1993,2,2,2,Northwest_Ames
255000,192.8,978,1993,3,2,2,Northwest_Ames
136905,156.1,1068,1976,4,2,2,Northwest_Ames
158500,101.5,998,1966,3,2,2,Northwest_Ames
175500,115.4,892,1973,3,1,2,Northwest_Ames
127000,97.7,1003,1963,3,1,1,Northwest_Ames
127000,102.8,748,1967,3,1,1,North_Ames
143000,112.8,962,1967,3,2,1,North_Ames
156000,99.7,956,1965,3,1,2,North_Ames
144000,124.9,883,1958,2,1,1,North_Ames
119000,160.5,987,1964,6,2,1,North_Ames
103000,113.7,1013,1964,2,2,3,North_Ames
139900,132.1,1147,1960,3,1,1,North_Ames
151500,89,1187,1960,2,1,1,North_Ames
126500,98.9,826,1960,3,1,2,North_Ames
145000,105.7,974,1958,3,1,1,North_Ames
120000,84.7,700,1958,2,1,1,North_Ames
124000,99.8,692,1956,2,1,2,North_Ames
106500,81.9,775,1959,3,1,1,North_Ames
140500,110.3,1334,1961,2,1,2,North_Ames
137500,89.6,766,1961,3,1,2,North_Ames
117600,83.1,806,1960,3,1,1,North_Ames
163500,111.5,818,1966,3,2,2,North_Ames
161000,96.8,855,1965,3,2,2,North_Ames
158000,121,869,1964,3,2,1,North_Ames
224500,200.1,818,1964,5,2,2,North_Ames
147000,127.6,1057,1964,3,1,1,North_Ames
200000,153.5,2044,1959,3,1,2,North_Ames
181900,132.8,1355,1960,3,1,2,North_Ames
150750,123.3,686,1959,3,1,2,North_Ames
101800,113.7,914,1962,2,2,2,North_Ames
124000,86.6,769,1950,2,1,1,North_Ames
138500,84.4,1131,1940,2,1,2,North_Ames
39300,31,464,1946,1,1,0,Brookside
64500,61.9,464,1946,2,1,0,Brookside
64000,62.2,325,1945,2,1,0,Brookside
112000,75.1,481,1958,2,1,1,Brookside
165000,183.7,883,1964,4,1,2,North_Ames
144000,106.8,892,1955,2,1,1,North_Ames
137000,178.4,1054,1948,4,2,2,North_Ames
105000,127.8,882,1941,3,1,1,North_Ames
146500,152.7,881,1942,3,1,1,North_Ames
126000,144.9,805,1968,4,2,3,North_Ames
175000,118.9,934,1966,3,2,2,North_Ames
158500,116.5,892,1961,3,1,2,North_Ames
114500,84.7,943,1958,2,1,1,North_Ames
144000,141.6,1054,1958,3,1,1,North_Ames
129000,221.1,1714,1965,3,2,2,North_Ames
141000,87,814,1957,2,1,1,North_Ames
131000,93.6,637,1956,3,1,1,North_Ames
142100,97.8,766,1963,3,1,2,North_Ames
139000,98.1,760,1958,3,1,1,North_Ames
157900,134,906,1958,4,1,1,North_Ames
139400,98.1,859,1954,3,1,1,North_Ames
150000,115.6,1114,1957,3,1,1,North_Ames
120000,106.3,845,1960,3,1,1,North_Ames
174850,159.9,904,1957,4,1,2,North_Ames
116000,85.7,908,1957,2,1,1,North_Ames
135000,97.4,943,1956,3,1,1,North_Ames
163500,153.9,1129,1970,3,2,2,North_Ames
130000,131.1,1133,1955,3,1,1,North_Ames
129500,113,934,1955,3,1,1,North_Ames
142000,107.2,1074,1953,3,1,1,North_Ames
128600,144.9,750,1958,4,2,2,North_Ames
125000,88.1,1017,1952,2,1,2,North_Ames
136000,96.6,738,1953,3,1,1,North_Ames
134500,93.6,829,1953,2,1,1,North_Ames
127000,85.9,793,1956,3,1,1,North_Ames
130000,126.3,663,1955,3,1,2,North_Ames
115000,143.1,664,1955,4,1,1,North_Ames
116900,85.9,780,1955,3,1,1,North_Ames
132000,86.2,1236,1956,2,1,1,North_Ames
153000,153,886,1953,3,1,1,North_Ames
112500,85.8,1466,1952,2,1,1,Old_Town
138000,143.4,1318,1890,3,2,0,Old_Town
135000,83,892,1949,2,1,2,North_Ames
156000,160.5,1124,1953,3,1,1,North_Ames
301600,286.7,1977,1935,4,3,3,North_Ames
109000,96.1,941,1940,2,1,1,Old_Town
103200,81.9,511,1956,1,1,0,Old_Town
128500,119,955,1925,1,2,2,Old_Town
64500,89.9,1003,1927,4,2,1,Old_Town
148000,142.5,1003,1895,3,1,0,Old_Town
86000,64.2,502,1920,2,1,1,Old_Town
172000,153.4,937,1963,4,2,1,North_Ames
120000,82.5,808,1961,3,1,1,North_Ames
128500,88.4,771,1968,3,1,1,North_Ames
135000,193.2,1078,1969,5,1,2,North_Ames
122900,85.8,749,1949,3,1,2,North_Ames
119200,100.5,1084,1948,2,1,1,North_Ames
143000,171.5,975,1949,3,2,1,North_Ames
119000,91.8,669,1950,3,1,1,North_Ames
102000,115,669,1950,3,1,1,North_Ames
129000,80.3,669,1950,3,1,2,North_Ames
135000,105.3,650,1960,2,1,1,North_Ames
152000,96.6,697,1959,3,1,1,North_Ames
140000,108.7,680,1958,3,1,1,North_Ames
152000,115.4,734,1960,3,1,1,North_Ames
156500,127.9,743,1960,3,1,1,North_Ames
141000,167.2,743,1961,6,2,0,North_Ames
99000,85.9,650,1961,3,1,1,North_Ames
187000,172,907,1964,3,2,2,North_Ames
169500,168.3,705,1962,4,2,1,North_Ames
125500,80.3,613,1962,2,1,1,North_Ames
130000,87,628,1962,3,1,1,North_Ames
103000,89.2,648,1926,2,1,2,Old_Town
132000,133,892,1910,2,2,2,Old_Town
127500,120.4,557,1927,3,1,2,Old_Town
89500,94.9,416,1922,2,1,1,Old_Town
140000,87,669,1980,2,1,2,Old_Town
99900,89.8,293,1920,2,1,1,Old_Town
100000,97.3,1003,1885,2,1,1,Old_Town
130000,99.6,669,1940,2,1,2,Old_Town
135000,109.1,836,1900,2,1,2,Old_Town
120000,109.9,557,1948,2,1,1,Old_Town
89471,105.1,550,1937,2,1,2,Old_Town
85000,106,550,1900,3,1,1,Old_Town
108500,89.2,557,1920,2,1,1,Old_Town
137000,167,895,1900,4,2,2,Old_Town
110500,80.5,360,1945,2,1,0,Old_Town
100000,89.9,792,1923,2,1,2,Old_Town
184900,164.6,960,1910,3,2,2,Old_Town
145000,152.5,916,1927,4,1,1,Old_Town
125000,136.7,892,1925,3,1,1,Old_Town
114000,114.5,425,1910,3,1,2,Old_Town
90000,217.1,1263,1900,5,2,2,Old_Town
144100,153.3,780,1910,3,2,2,Old_Town
117500,205.3,920,1880,5,2,1,Old_Town
124500,126.2,334,1930,3,1,1,Old_Town
185000,228,1254,1879,3,2,2,Old_Town
133900,212.8,669,1910,4,2,2,Old_Town
152000,150.1,502,1926,3,2,1,Old_Town
153500,144.8,752,1948,2,1,2,Old_Town
159500,237.3,1003,1890,3,1,2,Old_Town
87000,115.9,877,1930,2,1,1,Old_Town
104500,89.9,801,1956,2,1,1,Old_Town
110000,128.4,1096,1949,1,2,1,Old_Town
136500,98.5,637,1925,1,1,1,Brookside
128250,133.3,806,1950,3,1,1,Brookside
144000,108.4,811,1920,3,1,2,Brookside
210000,151.9,812,1923,3,1,2,Brookside
135000,118.4,569,1939,3,2,1,Brookside
128000,114.5,557,1939,3,1,1,Brookside
131000,113.2,557,1941,3,1,2,Brookside
113000,82.1,569,1939,2,1,1,Brookside
126000,130.9,580,1938,3,1,2,Brookside
132000,122.8,580,1939,4,1,1,Brookside
131750,132.5,580,1930,3,1,1,Brookside
132500,119,569,1926,2,1,2,Brookside
137500,140.6,569,1920,4,1,1,Brookside
132000,79.3,569,1929,2,1,2,Brookside
127500,127,580,1931,3,1,1,Brookside
102000,91.6,574,1926,2,1,1,Brookside
200000,210.3,720,1918,4,2,1,Old_Town
180500,169.4,1256,1919,3,1,2,Brookside
165000,127.8,822,1920,3,1,2,Brookside
90000,122.3,794,1926,4,1,2,Brookside
153575,129.7,811,1915,3,1,1,Brookside
140000,124.9,530,1929,3,1,2,Old_Town
136000,234.7,792,1916,5,2,1,Old_Town
113000,109,528,1901,3,2,1,Old_Town
117000,112.8,528,1901,2,1,1,Old_Town
169500,168.9,721,1931,4,1,1,Iowa_DOT_and_Rail_Road
139400,102.9,692,1930,3,1,1,Iowa_DOT_and_Rail_Road
202500,213.1,1226,1963,5,3,2,Iowa_DOT_and_Rail_Road
127000,125.9,639,1914,3,1,0,Iowa_DOT_and_Rail_Road
141000,127.7,836,1937,3,1,1,Iowa_DOT_and_Rail_Road
212300,181.3,909,1950,4,1,1,Iowa_DOT_and_Rail_Road
161000,202.5,959,1915,3,1,2,Iowa_DOT_and_Rail_Road
99500,122.2,402,1958,3,2,2,Iowa_DOT_and_Rail_Road
101000,103.2,669,1920,3,1,1,Iowa_DOT_and_Rail_Road
109900,111.1,446,1916,2,1,2,Iowa_DOT_and_Rail_Road
128500,128.4,1148,1941,2,1,2,Old_Town
122000,175.5,940,1910,4,1,1,Old_Town
87000,78,408,1930,3,1,0,Old_Town
50000,137.9,959,1910,3,2,1,Iowa_DOT_and_Rail_Road
219000,210.6,1197,1937,3,1,2,Sawyer
200500,286.7,1675,1946,3,3,0,Clear_Creek
126000,105.3,758,1940,3,1,1,Edwards
108500,119.1,417,1942,2,1,1,South_and_West_of_Iowa_State_University
130000,92.8,1044,1963,3,1,1,Sawyer
158450,134.9,1044,1964,2,1,2,Sawyer
115400,93.4,1328,1964,3,1,2,Sawyer
118500,95.6,738,1961,3,1,1,Sawyer
165000,94.8,1314,1964,3,2,2,Sawyer
123000,96.6,1085,1966,3,1,1,Sawyer
129000,84.8,780,1966,3,1,1,Sawyer
125000,83.1,659,1966,3,1,1,Sawyer
108000,88.1,834,1968,3,1,1,Sawyer
119900,80.6,783,1971,2,1,2,Sawyer
115000,83.3,805,1968,3,1,1,Sawyer
134500,87.6,780,1967,2,1,2,Sawyer
127000,88.7,719,1966,3,1,1,Sawyer
129000,83.1,810,1968,3,1,2,Sawyer
143500,119.4,762,1977,3,1,2,Sawyer
129000,84.7,759,1966,3,1,1,Sawyer
187000,127.7,1317,1956,3,1,1,Sawyer
158000,246.6,1559,1920,4,3,2,Sawyer
112000,131.5,2354,1918,3,2,2,Sawyer
165250,121,647,1940,2,1,1,Sawyer
150000,120.7,1057,1954,3,1,2,Sawyer
137000,109.3,1279,1958,3,1,1,Sawyer
89500,92.7,836,1945,3,1,2,Sawyer
302000,169.4,10697,1971,2,2,2,Clear_Creek
182000,141.4,1029,1984,3,2,2,Clear_Creek
211000,191.4,932,1988,4,2,2,Clear_Creek
216000,123.1,1630,1948,3,2,2,Edwards
130000,151.4,2108,1953,3,2,2,Edwards
109900,115.4,1654,1946,2,1,1,Edwards
255000,225,1177,1954,4,3,2,Clear_Creek
243000,200.5,1172,1950,4,2,2,Edwards
154000,151.1,977,1954,3,1,1,Edwards
118000,80.3,502,1958,3,1,1,South_and_West_of_Iowa_State_University
80000,87.6,1070,1958,3,1,1,Edwards
150000,133.8,716,1977,4,2,0,Edwards
86000,56.2,845,1920,2,1,0,Edwards
130000,96.4,359,1984,2,2,1,Edwards
125000,124.7,862,1951,4,1,1,Edwards
136500,137.5,1031,1951,4,1,1,Edwards
96000,126.5,701,1920,4,2,1,Edwards
120000,124.5,842,1957,3,1,1,Edwards
228500,169.3,2222,1984,4,2,2,Sawyer_West
179900,134,962,1990,3,2,2,Sawyer_West
225000,208.4,1252,1990,4,2,3,Sawyer_West
301000,253.6,964,1986,4,2,2,Sawyer_West
238000,197.6,1219,1991,4,2,3,Sawyer_West
228500,184.1,1049,1989,3,2,2,Sawyer_West
220000,181.9,866,1994,3,2,2,Sawyer_West
383970,250.5,926,2007,4,2,3,College_Creek
424870,262.7,926,2006,4,3,3,College_Creek
250000,153.4,853,2007,3,2,3,College_Creek
360000,198.8,974,2006,3,2,3,College_Creek
279500,138.8,990,2006,3,2,3,College_Creek
200141,122.3,1038,2007,3,2,2,College_Creek
246500,153.4,951,2007,3,2,3,College_Creek
276000,239.1,891,2007,3,2,3,College_Creek
203000,118.4,819,2005,3,2,2,College_Creek
155835,135.3,1031,2006,3,2,2,College_Creek
194000,115.2,795,2006,2,2,3,College_Creek
195400,112.2,628,2007,2,2,2,College_Creek
217000,143.6,1092,2005,3,2,3,College_Creek
212999,139.3,814,2006,3,2,2,College_Creek
175900,118,673,2005,2,2,2,College_Creek
191000,166.8,865,2005,3,2,2,College_Creek
176432,122.1,866,2006,3,2,2,College_Creek
277000,191.6,1334,1988,3,2,2,Sawyer_West
207000,174,825,1988,3,2,2,Sawyer_West
277000,199.2,14771,1958,4,2,2,Clear_Creek
240000,181.4,4934,1992,3,2,2,Clear_Creek
187500,193.9,1134,1966,5,2,2,Clear_Creek
279000,161.9,1864,1976,0,0,2,Clear_Creek
139500,94.9,1321,1994,3,1,2,College_Creek
126000,92,815,1994,3,1,1,College_Creek
177500,111.5,1045,1995,3,2,2,College_Creek
175000,121.5,931,1997,3,2,2,College_Creek
211000,166.8,885,1998,3,2,2,College_Creek
146000,92,783,1994,3,1,1,College_Creek
147900,101.9,1539,1996,3,1,1,College_Creek
123600,92,750,1994,3,1,0,College_Creek
204750,165.9,867,1997,3,2,2,College_Creek
235500,174,1005,1999,3,2,2,College_Creek
217000,162.9,1148,1998,3,2,2,College_Creek
190550,157,887,2001,3,2,2,College_Creek
217500,171.1,820,2000,3,2,2,College_Creek
226000,137.4,991,2003,3,2,2,College_Creek
180000,155,1051,2003,3,2,2,College_Creek
131000,83.1,1096,1974,3,1,2,College_Creek
153500,95.2,805,1976,3,2,2,College_Creek
160000,93.7,903,1977,3,2,2,College_Creek
134900,96.6,834,1977,3,1,2,College_Creek
130000,84.3,1514,1977,3,1,1,College_Creek
120000,81.7,899,1975,3,1,2,College_Creek
112500,81.9,715,1972,3,1,2,College_Creek
122000,90,962,1975,3,1,2,College_Creek
127000,80.3,669,1972,3,1,2,College_Creek
117000,81.3,669,1972,3,1,2,College_Creek
305900,185.8,965,2004,3,2,3,College_Creek
228500,201.5,871,2002,3,2,2,College_Creek
270000,155.4,1055,2000,3,2,2,College_Creek
192000,135.5,813,2002,3,2,2,College_Creek
213000,179.5,813,2003,3,2,2,College_Creek
200000,160.6,758,2002,3,2,2,College_Creek
267000,227.8,1507,1998,4,2,2,College_Creek
228000,147.9,1108,1994,3,2,2,College_Creek
275000,226.6,1182,2001,4,2,2,College_Creek
211000,185.1,1421,1996,3,2,2,College_Creek
285000,155,1045,2002,3,2,3,College_Creek
240000,194.2,929,1995,3,2,2,College_Creek
131500,78.8,412,2003,1,1,2,College_Creek
246900,124.6,1600,1999,1,1,2,College_Creek
219500,179.1,762,2003,4,2,2,College_Creek
185000,124.2,785,2003,3,2,2,College_Creek
179400,137.1,757,2007,3,2,2,College_Creek
213500,166.9,859,2006,3,2,2,College_Creek
179600,132.1,790,2004,3,2,2,College_Creek
173500,110.6,815,2005,2,2,2,College_Creek
167840,123.6,774,2006,3,2,2,College_Creek
168675,138.5,774,2006,3,2,2,College_Creek
167000,142.7,840,2005,3,2,2,College_Creek
140000,112.8,852,1965,2,1,2,Edwards
118500,87,913,1967,2,1,1,Edwards
110000,101.1,772,1963,2,1,2,Edwards
94750,89.2,1015,1965,3,1,1,Edwards
122000,125.5,1513,1925,3,1,2,Edwards
110000,109.5,765,1960,2,1,2,Edwards
118500,75.8,1100,1990,3,1,0,Edwards
133500,97,584,1976,3,1,2,Edwards
148000,103.4,735,1976,3,1,1,Edwards
141000,207.4,888,1979,5,2,2,Edwards
155000,104.5,793,2006,2,1,2,Edwards
157000,101.3,653,2005,2,1,2,Edwards
171500,130.8,652,2005,3,2,2,Edwards
183850,473.3,3650,2008,2,2,3,Edwards
184750,434.4,3725,2007,3,3,3,Edwards
140000,99.6,341,2005,2,1,2,Edwards
131750,89.2,595,1959,2,1,1,Edwards
61500,107,639,1955,2,2,0,Edwards
111000,88.1,949,1954,3,1,1,Edwards
98500,111,812,1946,4,2,0,Edwards
79000,71.9,397,1931,3,1,0,Edwards
108500,80.4,933,1920,2,1,1,Edwards
110000,83.1,878,1954,3,1,2,Edwards
112000,125,1093,1910,2,1,1,Edwards
125000,71.3,759,1955,2,1,1,Edwards
79275,80.3,759,1955,3,1,2,Edwards
119000,88.1,761,1954,3,1,1,Edwards
200000,315.4,1012,1914,8,2,0,South_and_West_of_Iowa_State_University
150000,240.8,1012,1923,6,2,0,South_and_West_of_Iowa_State_University
165000,139.5,984,1923,3,1,1,Crawford
96500,73.3,984,1926,2,1,1,Crawford
136500,132.1,671,1926,3,1,1,Crawford
146500,120.6,634,1921,2,2,1,Crawford
175000,164.2,669,1937,3,1,1,South_and_West_of_Iowa_State_University
148500,102,372,1930,2,1,1,Crawford
141500,133.4,624,1921,3,1,1,Crawford
189950,132.5,710,1918,3,1,1,Crawford
135000,135.7,665,1926,3,1,1,Crawford
164000,152.9,662,1941,4,2,1,Crawford
90350,64.5,398,1913,2,1,1,Crawford
139000,116.1,498,1910,3,2,2,Crawford
119750,88.6,586,1938,2,1,1,Crawford
145000,181.9,663,1946,4,2,2,Crawford
145000,186,582,1949,4,2,3,Crawford
238000,159.6,672,1927,4,2,2,Crawford
153500,113.9,1218,1951,2,1,2,Crawford
239000,243.8,2083,1918,4,2,3,Crawford
359100,296.7,1130,1934,4,2,2,Crawford
188000,163,726,1930,4,2,1,Crawford
220000,185,1047,1932,3,1,2,Crawford
140000,125.9,578,1941,3,2,2,Crawford
315000,253.3,982,1932,3,2,2,Crawford
259500,215.5,674,1945,3,2,1,Crawford
257500,170.8,1342,1957,3,2,2,Crawford
219500,161.6,1219,1940,3,1,1,Crawford
217000,209.9,1951,1953,3,2,2,Crawford
201000,144.9,2368,1960,3,1,2,Crawford
215000,138.2,2005,1968,3,2,2,Crawford
123900,97.1,166,1980,2,1,2,Blueste
170000,156.1,1660,1995,4,2,2,Crawford
200000,94.8,363,1988,1,1,2,Blueste
198000,157.6,1922,1971,3,2,2,Crawford
200624,233.6,3035,1957,4,3,2,Crawford
315000,253.2,1676,1986,2,2,2,Crawford
115000,140.9,790,1919,3,2,0,Iowa_DOT_and_Rail_Road
141000,112.9,650,1940,3,1,2,Iowa_DOT_and_Rail_Road
87000,74.6,464,1941,2,1,2,Iowa_DOT_and_Rail_Road
129850,148.7,677,1925,3,2,0,Iowa_DOT_and_Rail_Road
100000,104.3,563,1939,3,1,1,Iowa_DOT_and_Rail_Road
150909,169.8,842,1923,3,2,0,Iowa_DOT_and_Rail_Road
75200,75.8,341,1922,2,1,1,Iowa_DOT_and_Rail_Road
118400,94,768,1920,2,1,1,Iowa_DOT_and_Rail_Road
67000,100.1,833,1920,2,1,1,Iowa_DOT_and_Rail_Road
152000,144.7,1274,1950,4,1,1,Iowa_DOT_and_Rail_Road
68104,78.5,1028,1939,1,1,1,Iowa_DOT_and_Rail_Road
119600,185,766,1895,4,2,0,Iowa_DOT_and_Rail_Road
140000,99.7,610,1957,3,1,2,Iowa_DOT_and_Rail_Road
124900,93,563,1930,2,1,1,Iowa_DOT_and_Rail_Road
375000,151,517,2006,2,2,2,Crawford
235000,151,441,2006,2,2,2,Crawford
183500,120.7,1129,1979,2,2,2,Mitchell
156000,84.7,700,1978,2,1,2,Mitchell
134000,100.3,853,1983,3,1,2,Mitchell
215000,129.3,929,2002,3,2,3,Mitchell
245000,130.9,1195,2002,1,1,2,Mitchell
210000,137.3,922,1991,3,2,2,Mitchell
148000,85.3,813,1975,3,1,1,Mitchell
143000,95.3,781,1974,2,1,2,Mitchell
244000,139.4,377,1987,2,2,2,Timberland
330000,139.5,907,1998,1,1,1,Green_Hills
170000,123.4,1570,1959,2,1,1,Timberland
257000,211.7,1854,1958,4,2,2,Timberland
231713,156.9,777,2006,3,2,2,Timberland
267300,145.3,771,2006,2,2,2,Timberland
265900,137.9,840,2006,2,2,2,Timberland
239000,145.9,1021,2007,3,2,3,Timberland
248900,152.9,990,2006,3,2,3,Timberland
174000,115.2,960,1985,3,2,2,Timberland
187500,159.5,1278,1990,3,2,2,Timberland
204000,163.1,864,1996,3,2,2,Timberland
180500,121.9,624,2001,2,2,2,Timberland
187500,106.5,891,2003,3,2,2,Timberland
282000,178.6,1050,2002,2,2,3,Timberland
178000,138.5,722,1996,3,2,2,Timberland
270000,151.3,1350,2002,3,2,3,Timberland
279900,230.9,1096,2003,5,3,2,Timberland
186700,146,3264,1963,3,1,3,Timberland
283463,165,1422,2006,3,2,3,Timberland
392000,169.4,1174,2006,3,2,3,Timberland
281213,230.6,1177,2005,4,2,3,Timberland
147000,104,781,2007,3,1,0,Mitchell
130000,189,4041,1953,2,1,4,Mitchell
140000,87,623,1996,0,0,2,Mitchell
132250,96.6,2349,1963,3,1,2,Mitchell
143000,151.6,2322,1967,4,2,2,Mitchell
168000,150.7,3016,1961,3,1,4,Mitchell
129900,98.5,392,1976,3,1,2,Meadow_Village
134000,106.1,392,1976,3,1,2,Meadow_Village
85500,101.4,140,1972,3,1,1,Meadow_Village
106500,92.2,142,1970,2,1,1,Meadow_Village
93900,101.4,139,1970,3,1,0,Meadow_Village
75000,101.4,186,1970,3,1,1,Meadow_Village
84500,58.5,180,1970,1,1,0,Meadow_Village
75190,101.4,176,1976,3,1,1,Meadow_Village
146800,98.7,1053,1976,3,1,2,Mitchell
153500,93.6,848,1977,1,1,2,Mitchell
188000,126,1482,1977,3,2,2,Mitchell
196000,155.7,3157,1977,3,1,2,Mitchell
157000,133,770,1977,3,1,2,Mitchell
138000,73.9,625,1971,2,1,0,Mitchell
129500,71.3,673,1970,2,1,2,Mitchell
80000,149.4,2573,1961,3,1,1,Mitchell
129500,78.5,706,1982,2,1,2,Mitchell
135000,109.4,1022,1976,3,1,2,Mitchell
124500,75.8,772,1982,2,1,1,Mitchell
139000,75.8,1080,1983,2,1,1,Mitchell
93500,90.5,995,1991,3,1,0,Mitchell
124500,82.4,971,1984,3,1,1,Mitchell
149900,120.1,1024,1954,2,2,2,North_Ames
157500,95.1,979,1956,2,1,1,North_Ames
169000,166.9,1093,1957,3,1,3,North_Ames
252000,129.1,3659,1957,1,1,2,North_Ames
192100,172,1089,1969,3,2,2,North_Ames
183500,141.7,765,1997,3,2,2,Gilbert
222000,207.7,1208,1997,4,2,2,Gilbert
170000,155.2,1212,1995,3,2,2,Gilbert
187500,139.2,1211,1995,3,2,2,Gilbert
202000,165,909,1996,3,2,2,Gilbert
185000,140.4,1041,1997,3,2,2,Gilbert
320000,228.7,1800,2005,4,2,2,Gilbert
240000,155.1,1380,2006,3,2,3,Gilbert
250000,191.7,1220,2005,4,2,2,Gilbert
239900,167.3,972,2005,3,2,3,Gilbert
309000,205.5,1277,2005,3,2,3,Gilbert
274725,187.8,2161,2006,3,2,2,Gilbert
270000,249.6,1218,1994,4,2,2,Stone_Brook
183500,108.6,750,1993,3,2,2,Gilbert
165600,139.4,714,1993,3,2,2,Gilbert
176500,151.6,844,1998,3,2,2,Gilbert
130000,111.9,344,1987,2,2,2,Stone_Brook
239000,164.2,493,1987,2,2,2,Stone_Brook
275000,161.8,610,1985,2,2,2,Stone_Brook
457347,259.9,1489,2005,3,3,3,Stone_Brook
545224,314.9,1678,2006,5,3,3,Stone_Brook
356383,229.7,1142,2006,4,2,3,Stone_Brook
556581,266.4,1492,2005,4,3,3,Stone_Brook
361919,239.3,1155,2006,4,2,3,Stone_Brook
535000,250.6,1491,2006,4,2,3,Stone_Brook
401179,259.7,1479,2005,4,3,3,Stone_Brook
438780,273.6,1271,2006,3,3,3,Stone_Brook
169000,215.5,1371,1948,2,2,2,Gilbert
145000,98.1,3219,1955,3,1,2,Gilbert
318000,159.2,757,2005,2,2,2,Stone_Brook
319000,169.6,1050,2005,3,2,3,Stone_Brook
470000,185.8,1696,2005,3,2,3,Stone_Brook
202500,150.6,1314,1984,3,2,2,Northwest_Ames
229000,202.8,1285,1988,4,2,3,Northwest_Ames
235000,210.2,1548,1977,3,2,2,Northwest_Ames
190000,146.2,1747,1976,3,2,2,Northwest_Ames
169000,102.4,972,1980,2,1,2,Northwest_Ames
241500,173.9,966,1988,3,2,2,Northwest_Ames
188900,172.5,978,1978,4,2,2,Northwest_Ames
207500,156.6,951,1980,3,2,2,Northwest_Ames
250000,258.6,1551,1978,5,3,2,Northwest_Ames
179900,144.2,1066,1975,3,2,2,Northwest_Ames
172000,100.6,922,1976,2,1,2,Northwest_Ames
294323,215.3,884,2005,3,2,2,Somerset
184500,174.2,978,1975,3,3,2,Northwest_Ames
153500,99.8,942,1975,3,1,2,Northwest_Ames
162900,154.6,942,1976,4,2,2,Northwest_Ames
181000,121.6,942,1974,3,1,2,Northwest_Ames
155000,102.5,929,1974,3,2,2,Northwest_Ames
138800,101.8,1474,1969,3,1,1,North_Ames
116050,80.3,869,1970,3,1,1,North_Ames
88000,79.7,755,1971,3,1,0,North_Ames
97500,81.2,669,1971,3,1,2,North_Ames
190000,131.8,815,2002,2,2,2,North_Ames
105500,101.4,256,1973,3,1,2,Briardale
125500,126.8,201,1973,3,1,2,Briardale
83000,91.7,181,1973,2,1,1,Briardale
116000,95.7,176,1972,3,1,1,Briardale
91500,113.2,156,1971,3,1,0,Briardale
118000,113.2,156,1972,3,1,1,Briardale
89000,88.1,156,1972,2,1,1,Briardale
108000,101.4,156,1972,3,1,1,Briardale
94500,91.7,156,1972,2,1,1,Briardale
146300,99.3,376,1975,2,2,2,Northpark_Villa
145000,128.9,698,1967,3,1,1,North_Ames
123000,83.6,728,1967,3,1,1,North_Ames
137500,98,212,1976,2,2,1,Northpark_Villa
144000,135.3,202,1976,3,2,2,Northpark_Villa
315000,183.9,1555,2004,3,2,3,Northridge_Heights
412083,240.5,1522,2006,4,2,3,Northridge_Heights
342643,241.2,1510,2006,4,3,3,Northridge_Heights
252000,150.3,1502,2004,2,2,3,Northridge_Heights
465000,192.9,1290,2006,2,2,3,Northridge_Heights
293000,161.6,1136,2006,4,2,3,Northridge_Heights
415000,173.5,1373,2005,2,2,3,Northridge_Heights
326000,171.9,1489,2004,3,2,3,Northridge_Heights
325300,220.7,1321,2005,4,3,3,Northridge_Heights
309000,227.8,1247,2004,4,3,3,Northridge_Heights
300000,204.9,1298,2005,4,2,3,Northridge_Heights
275500,194.9,951,2005,3,2,3,Northridge_Heights
338500,194.3,924,2005,3,2,2,Northridge_Heights
345000,215.9,1108,2005,4,3,3,Northridge_Heights
344133,209.3,1195,2005,3,2,2,Northridge_Heights
298236,221.9,991,2006,4,2,3,Northridge_Heights
329900,219.1,1082,2005,4,2,3,Northridge_Heights
360000,180.6,1150,2003,3,2,3,Northridge_Heights
281000,183,1028,2006,3,2,3,Northridge_Heights
372397,166.5,1278,2005,2,2,3,Northridge_Heights
378000,165.4,1378,2004,2,2,3,Northridge_Heights
374000,166.5,1100,2003,2,2,3,Northridge_Heights
437154,253.4,1898,2005,4,2,3,Northridge_Heights
275000,176.9,1015,2005,3,2,2,Northridge_Heights
279000,177.8,1228,2004,3,2,3,Northridge_Heights
185850,126.7,655,2005,2,2,2,Northridge_Heights
282500,145.4,549,2005,2,2,2,Northridge_Heights
202500,127.1,646,2005,2,2,2,Northridge_Heights
202665,127.1,631,2005,2,2,2,Northridge_Heights
332200,156.6,719,2006,1,2,3,Northridge_Heights
310090,154.8,592,2006,2,2,2,Northridge_Heights
171750,130.5,291,2003,2,2,2,Northridge_Heights
169990,122.3,951,2005,3,2,2,Gilbert
170440,135.3,951,2005,3,2,2,Gilbert
169985,138.6,951,2006,3,2,2,Gilbert
179665,139,1589,2006,3,2,2,Gilbert
219210,173.1,1306,2006,4,2,3,Gilbert
174190,123.2,1083,2006,3,2,2,Gilbert
172785,135.3,1447,2006,3,2,2,Gilbert
258000,220.5,1081,2004,4,2,3,Gilbert
185101,138.6,843,2006,3,2,2,Gilbert
210250,126.7,287,2006,2,2,2,Bloomington_Heights
234000,144.6,297,2003,2,2,2,Bloomington_Heights
215000,135.3,297,2003,2,2,2,Bloomington_Heights
246990,140.4,273,2002,2,2,2,Bloomington_Heights
178740,131.4,285,2004,2,2,2,Bloomington_Heights
225000,143.8,285,2004,2,2,2,Bloomington_Heights
167240,115.9,280,2005,2,2,2,Bloomington_Heights
156820,106.1,280,2005,2,2,2,Bloomington_Heights
213490,139.9,280,2005,2,2,2,Bloomington_Heights
264561,145.6,370,2006,1,2,3,Bloomington_Heights
246578,139.3,376,2006,2,2,3,Bloomington_Heights
192140,170.8,2037,2005,4,2,2,Gilbert
183200,140.2,730,2002,3,2,2,Gilbert
178000,131.4,841,2004,3,2,2,Gilbert
201490,148.5,852,2004,3,2,2,Gilbert
230500,179.9,1040,2000,3,2,2,Gilbert
180000,140.2,732,2003,3,2,2,Gilbert
172400,154.6,754,2000,3,2,2,Gilbert
215000,175.5,804,2000,3,2,2,Gilbert
199900,175.2,1042,1998,4,2,2,Gilbert
173000,155.2,1008,2000,3,2,2,Gilbert
287602,215.7,1124,2006,4,3,3,Gilbert
230000,212.8,812,1999,4,2,2,Gilbert
348000,222.2,878,1997,3,2,3,Northridge
286000,183.6,897,1998,3,2,3,Northridge
300000,207.5,887,2000,3,2,3,Northridge
625000,336.9,3322,1995,4,3,3,Northridge
405000,265.2,858,2000,4,2,3,Northridge
280000,178.7,1116,1998,3,2,2,Northridge
258000,210.2,1123,1998,4,2,2,Northridge
350000,253.2,931,1995,4,2,3,Northridge
584500,325.1,1602,1993,4,3,3,Northridge
321000,231.7,951,1994,4,2,3,Northridge
290000,234.7,940,1994,4,2,3,Northridge
315000,260,1169,1993,3,2,3,Northridge
252000,182.5,1156,2005,3,2,2,Somerset
336820,155.1,1414,2006,2,2,3,Somerset
423000,194.8,1941,2005,1,1,3,Somerset
290000,154.2,946,2006,3,2,2,Somerset
232000,150.1,807,2005,3,2,3,Somerset
199000,139.7,1016,2006,3,2,2,Somerset
198600,118.7,803,2006,2,2,2,Somerset
405749,245.3,1223,2006,3,3,3,Somerset
232600,138.3,1042,2006,3,2,2,Somerset
266000,180.1,997,2006,3,2,3,Somerset
186500,144.3,755,2005,3,2,2,Somerset
200825,159.4,755,2005,3,2,2,Somerset
197000,146.4,755,2006,3,2,2,Somerset
185000,117.2,669,2006,2,2,2,Somerset
176000,117.6,697,2005,3,2,2,Somerset
187750,120.9,669,2006,2,2,2,Somerset
139500,106.1,718,2005,3,1,0,Sawyer_West
186800,130.1,1024,2005,3,2,2,Sawyer_West
132000,105.1,1214,2005,3,1,0,Sawyer_West
142500,106,1214,2005,3,1,2,Sawyer_West
158000,107.6,1214,2004,3,1,2,Sawyer_West
184000,156.6,725,2005,3,2,2,Sawyer_West
184900,147.2,709,2005,3,2,2,Sawyer_West
187000,170.7,771,1997,3,2,2,Sawyer_West
175900,148.9,665,1992,3,2,2,Sawyer_West
248500,160.8,870,1992,3,2,2,Sawyer_West
172000,129.9,667,1990,2,2,2,Sawyer_West
151000,113.1,667,1991,2,2,2,Sawyer_West
150000,122.6,838,1994,3,2,2,Sawyer_West
107000,98.1,827,1966,2,1,1,Sawyer_West
119900,89.6,725,1965,3,1,1,Sawyer_West
129500,91.8,845,1962,3,1,2,Sawyer
125000,160.5,845,1963,6,2,2,Sawyer
119500,153.7,829,1977,4,2,2,Sawyer
144000,112.5,858,1962,2,1,2,Sawyer
151000,112.6,787,1977,3,1,2,Sawyer
126000,91.4,865,1965,3,1,1,Sawyer
116000,84.4,785,1968,3,1,1,Sawyer
133500,85.9,802,1963,2,1,2,Sawyer
120875,95.1,1213,1965,3,1,1,Sawyer
137000,86.9,1257,1965,3,1,1,Sawyer
124000,84.7,745,1964,3,1,0,Sawyer
135000,114.8,650,1961,3,1,1,Sawyer
129200,87.4,816,1967,3,1,1,Sawyer
260000,245.8,1331,1974,3,2,2,Veenker
260000,224.5,1492,1991,4,2,2,Northridge
334000,262.5,1024,1992,3,2,3,Northridge
310000,234.1,1351,1993,5,2,3,Northridge
268000,213.2,1240,1992,4,2,2,Northridge
262000,150.9,1158,1994,2,2,3,Northridge
176400,106.2,337,2004,1,1,2,Somerset
197000,115.8,308,2005,1,1,2,Somerset
151000,111.5,295,2005,2,2,2,Somerset
147400,113.6,236,2005,2,2,2,Somerset
149900,113.6,236,2005,2,2,2,Somerset
144152,111.5,295,2005,2,2,2,Somerset
166000,141.6,279,2000,2,2,2,Somerset
183900,134.9,347,1999,3,2,2,Somerset
165000,128.4,246,2000,3,2,2,Somerset
139000,100.3,413,2003,2,2,2,Somerset
200000,157.4,772,1997,3,2,1,Somerset
221000,145.7,667,2001,3,2,2,Somerset
270000,138.8,887,1995,2,1,2,Veenker
165000,112.2,1045,1977,3,1,2,Veenker
214000,114.7,349,1980,1,1,2,Greens
188000,96.2,338,1980,1,1,2,Greens
190000,113.9,360,1980,1,1,2,Greens
170000,113.9,360,1978,1,1,2,Greens
385000,171.1,4670,1981,0,0,3,Veenker
146500,110.8,1218,1972,2,2,2,Northwest_Ames
170000,178.4,947,1968,4,3,2,Northwest_Ames
262500,200.3,1931,1968,3,2,2,Northwest_Ames
179900,131.5,1087,1968,3,2,2,Northwest_Ames
250000,246.6,1025,1968,4,2,2,Northwest_Ames
165150,166.3,966,1972,4,1,2,Northwest_Ames
164500,123.9,942,1967,3,2,2,Northwest_Ames
140000,108.1,892,1969,3,1,2,Northwest_Ames
135500,91,906,1967,3,2,1,North_Ames
142000,97.6,892,1968,3,1,2,North_Ames
155000,164.4,803,1968,4,1,2,North_Ames
157500,90.7,870,1968,2,1,2,North_Ames
138500,97.7,780,1968,3,1,1,North_Ames
140000,83.4,780,1968,3,1,1,North_Ames
124400,97.6,907,1966,3,1,1,North_Ames
158000,106,892,1967,3,1,1,North_Ames
146000,111.5,857,1965,1,1,2,North_Ames
190000,185.1,1375,1971,4,2,2,Northwest_Ames
136500,97.5,990,1961,3,1,1,North_Ames
129900,80.3,845,1958,3,1,2,North_Ames
145000,159,780,1959,4,2,2,North_Ames
185900,145.4,818,1965,3,2,1,North_Ames
160000,116.2,818,1964,3,1,1,North_Ames
167000,138.2,963,1964,3,1,2,North_Ames
157500,133.8,869,1964,4,1,2,North_Ames
140000,101.7,964,1958,2,1,1,North_Ames
150000,97.8,834,1958,3,1,2,North_Ames
151500,115.9,1003,1960,3,1,1,North_Ames
129800,75.8,794,1934,2,1,1,North_Ames
137000,93.6,1061,1954,2,1,1,North_Ames
137000,96.9,903,1947,2,1,1,North_Ames
121600,114.3,438,1946,3,1,1,Brookside
85500,80.7,548,1923,2,1,0,Brookside
79900,69.4,541,1926,1,1,2,Brookside
127000,116.3,691,1908,3,1,2,Brookside
161000,133.1,892,1961,3,1,2,North_Ames
146500,150.9,1009,1952,2,1,1,North_Ames
135000,113,892,1951,3,1,1,North_Ames
137900,198.4,992,1951,4,2,2,North_Ames
133000,146.6,882,1941,3,1,1,North_Ames
137000,160.5,879,1949,3,1,1,North_Ames
121000,87,919,1954,2,1,1,North_Ames
119000,147.2,828,1967,4,2,2,North_Ames
172000,115.8,1180,1964,3,1,2,North_Ames
98600,114.7,790,1961,2,1,2,North_Ames
226000,200.4,1319,1966,4,2,2,North_Ames
118000,104.8,836,1954,2,1,1,North_Ames
235000,289.1,2361,1918,4,2,2,North_Ames
135000,93.6,903,1963,2,1,2,North_Ames
132500,110.6,718,1962,3,1,2,North_Ames
143000,106.3,758,1959,3,1,1,North_Ames
132000,126.7,780,1957,3,1,1,North_Ames
145250,128.5,1078,1960,3,1,1,North_Ames
162000,124.1,893,1958,3,1,2,North_Ames
148000,127.3,929,1956,3,1,1,North_Ames
141000,101.4,1380,1957,2,1,1,North_Ames
153000,104.4,943,1956,3,1,1,North_Ames
134450,114.8,930,1957,2,1,1,North_Ames
135960,87.6,653,1979,2,1,2,North_Ames
156000,97.5,752,1954,3,1,1,North_Ames
140000,127.7,1051,1954,2,1,2,North_Ames
139500,93.6,1187,1952,2,1,1,North_Ames
155000,146.3,945,1951,2,1,2,North_Ames
127000,106.4,715,1956,3,1,2,North_Ames
133500,93.4,1027,1956,2,1,1,North_Ames
125000,98.1,1263,1955,3,1,1,North_Ames
142000,82.1,1433,1951,2,1,1,North_Ames
167000,189.4,1979,1941,3,1,3,North_Ames
159000,128.6,1236,1956,2,1,2,North_Ames
180000,245.3,2056,1925,5,2,3,Old_Town
127000,121.9,697,1947,3,1,2,North_Ames
112000,121.7,650,1924,2,2,1,Old_Town
99800,66.2,967,1930,2,1,1,Old_Town
117000,77.4,502,1954,2,1,1,Old_Town
108480,99.7,502,1921,2,1,1,Old_Town
68000,66.4,1014,1929,2,1,2,North_Ames
86900,66.9,651,1900,1,1,1,Old_Town
120000,105,1003,1920,2,1,2,Old_Town
155500,148.2,669,1915,3,2,2,Old_Town
80000,163.5,1005,1910,4,1,2,Old_Town
105000,112.8,967,1915,3,1,3,Old_Town
160000,224.3,1003,1900,3,2,2,Old_Town
170000,136.2,1003,1936,3,2,2,Old_Town
160000,123,804,1965,3,2,2,North_Ames
159950,100.9,1245,1966,3,1,2,North_Ames
165000,106.5,946,1963,3,1,1,North_Ames
159000,161.1,909,1962,3,1,2,North_Ames
147000,112.1,883,1962,3,1,1,North_Ames
115000,84.7,725,1964,2,1,1,North_Ames
159500,110.9,828,1959,3,1,2,North_Ames
120000,80.3,681,1959,2,1,1,North_Ames
129900,75.8,660,1957,2,1,1,North_Ames
183000,164.7,1003,1961,3,2,2,North_Ames
157500,136.7,1082,1959,2,2,2,North_Ames
277500,227.4,1698,1962,3,3,2,North_Ames
207500,148.6,1516,1957,2,1,1,North_Ames
147500,141.3,1128,1950,3,1,1,North_Ames
135000,110.7,1003,1949,4,1,0,North_Ames
109500,96.6,669,1950,2,1,2,North_Ames
109900,96.6,669,1950,2,1,2,North_Ames
133700,96.6,702,1959,3,1,1,North_Ames
81400,96.6,794,1950,2,2,2,North_Ames
87500,96.6,794,1949,2,2,2,North_Ames
93500,96.6,794,1950,2,2,2,North_Ames
119000,144.6,791,1960,4,2,0,North_Ames
141000,106.8,738,1959,3,1,1,North_Ames
146000,106.8,650,1961,3,1,1,North_Ames
155000,125.2,705,1966,3,1,2,North_Ames
134500,92.8,948,1962,3,1,1,North_Ames
120000,97.1,687,1962,3,1,2,North_Ames
105000,80.3,650,1962,3,1,1,North_Ames
124000,95.2,650,1962,3,1,0,North_Ames
169000,187.1,916,1900,5,2,2,Old_Town
107000,123.4,920,1925,3,1,1,Old_Town
135000,155,892,1948,3,1,1,Old_Town
111500,153.9,513,1920,4,1,1,Old_Town
156500,131.5,892,1900,3,1,2,Old_Town
178000,152.4,892,1925,3,1,2,Old_Town
139900,132.7,599,1900,4,1,2,Old_Town
105000,93.3,368,1930,2,1,1,Old_Town
110000,75.5,528,1930,2,1,1,Old_Town
111500,181.2,720,1900,4,2,2,Old_Town
108000,95.9,719,1924,2,1,1,Old_Town
111500,78.4,523,1925,2,1,1,Old_Town
124000,162.6,836,1880,3,1,1,Old_Town
105000,80.3,669,1950,2,1,1,Old_Town
116000,103.9,409,1920,2,1,2,Old_Town
96900,127.8,707,1905,2,1,1,Old_Town
135500,89.2,557,1955,3,1,2,Old_Town
139000,145.5,557,1924,5,1,2,Old_Town
61500,45.7,727,1921,1,1,1,Old_Town
120000,109.8,890,1945,3,1,1,Old_Town
126175,108,541,1955,3,1,1,Old_Town
64000,78,534,1920,2,1,1,Old_Town
137000,179.1,849,1910,4,2,1,Old_Town
87000,164.8,892,1900,4,2,3,Old_Town
163000,164.2,1003,1914,2,1,2,Old_Town
155000,195.5,585,1910,5,2,2,Old_Town
79000,133.8,464,1900,3,1,1,Old_Town
144000,157,822,1916,3,1,1,Old_Town
114504,127.1,334,1910,3,1,1,Old_Town
157000,163.7,669,1920,4,1,2,Old_Town
125000,111.5,1053,1923,4,1,1,Old_Town
475000,335.2,2132,1892,4,2,3,Old_Town
93500,115.9,555,1920,2,2,0,Old_Town
125000,89.2,906,1958,3,1,2,Old_Town
64500,94.8,442,1918,2,1,0,Iowa_DOT_and_Rail_Road
100000,73.2,692,1941,2,1,0,Brookside
140200,146.5,598,1939,3,1,1,Brookside
202500,169.7,1090,1924,2,1,1,Brookside
159000,154.6,464,1947,3,2,2,Brookside
119900,103.9,725,1939,3,1,2,Old_Town
114500,109.3,580,1934,3,1,2,Brookside
115000,124.9,580,1936,3,1,1,Brookside
75000,107.9,569,1930,3,1,1,Brookside
88000,94.3,569,1925,3,1,1,Brookside
80500,84.7,580,1947,2,1,0,Brookside
149000,146.4,580,1928,3,1,1,Brookside
110000,123,569,1930,3,1,1,Brookside
110500,102.5,557,1925,2,1,2,Old_Town
89000,57.2,557,1921,2,1,1,Brookside
113000,97.4,593,1922,2,1,1,Brookside
109000,75.8,1084,1925,2,1,1,Brookside
220000,230.9,3077,1962,5,2,2,Old_Town
129000,89.2,917,1970,3,1,2,Brookside
117000,151.9,493,1910,2,1,1,Old_Town
52500,64.4,383,1941,2,1,0,Old_Town
107000,132.8,959,1924,3,2,2,Iowa_DOT_and_Rail_Road
116500,123.6,698,1910,3,1,1,Iowa_DOT_and_Rail_Road
72000,76.1,836,1919,2,1,0,Iowa_DOT_and_Rail_Road
119500,127.8,799,1937,3,2,1,Iowa_DOT_and_Rail_Road
125500,126.3,669,1938,2,1,1,Iowa_DOT_and_Rail_Road
91000,100.1,909,1922,3,1,1,Iowa_DOT_and_Rail_Road
84500,70,630,1935,2,1,0,Iowa_DOT_and_Rail_Road
90000,91.4,669,1930,3,1,1,Iowa_DOT_and_Rail_Road
137500,132.1,1150,1951,3,1,1,Sawyer
150000,178.5,1035,1964,4,2,2,Sawyer
131000,152.4,1985,1950,3,1,2,Sawyer
130000,125.6,644,1958,3,1,1,Clear_Creek
125000,95.9,766,1935,2,1,1,Edwards
80000,81.7,485,1936,2,1,1,South_and_West_of_Iowa_State_University
157000,99.7,511,2004,2,2,1,South_and_West_of_Iowa_State_University
148000,128.4,1044,1963,3,1,2,Sawyer
90000,120.4,1002,1967,2,2,2,Sawyer
154500,99.2,782,1963,3,1,1,Sawyer
153600,98.8,1052,1967,3,1,2,Sawyer
164500,122.6,1094,1966,3,1,2,Sawyer
132000,86.8,963,1964,2,1,1,Sawyer
142500,98.4,836,1966,3,1,1,Sawyer
158000,107.7,1073,1968,3,1,1,Sawyer
149500,130.1,729,1978,3,1,2,Sawyer
165000,135.4,886,1967,3,1,2,Sawyer
180000,159.9,960,1968,3,2,2,Sawyer
160500,96.6,667,1978,3,1,2,Sawyer
156500,182.7,898,1977,6,2,2,Sawyer
157000,181.1,765,1977,6,2,2,Sawyer
172500,178.4,1268,1958,4,2,2,Sawyer
155000,167.5,1219,1957,3,2,2,Sawyer
170000,165.3,1665,1955,3,1,2,Sawyer
105000,81,1628,1924,2,1,1,Sawyer
145000,89.2,952,1965,0,0,1,Sawyer
168000,133.5,1317,1956,3,1,2,Sawyer
278000,170,1891,1967,2,1,2,Clear_Creek
164000,92.9,1212,1963,1,1,2,Clear_Creek
225000,212.5,1449,1953,3,2,2,Clear_Creek
130000,75.2,1005,1971,2,1,2,Sawyer
142500,83.1,1240,1974,3,1,2,Sawyer
148400,157.9,158,1980,2,2,1,Clear_Creek
190000,135,490,1986,2,1,2,Clear_Creek
146000,125.4,871,1954,3,1,2,Edwards
128000,106.8,603,1942,3,1,1,Edwards
225000,186.5,725,1948,3,3,1,Edwards
274970,204.5,1829,1966,4,2,2,Edwards
235000,186.6,1853,1928,4,2,3,Edwards
415000,341.1,1839,1935,5,3,2,Edwards
182000,144.9,1085,1962,3,2,2,Edwards
135000,138.2,1119,1952,3,1,2,Edwards
137000,98.2,977,1955,3,1,1,Edwards
136900,172.3,885,1954,4,2,1,Edwards
149900,149.5,885,1953,5,1,1,Edwards
123500,106.6,596,1952,2,1,1,Edwards
93000,104.4,774,1954,3,1,0,Edwards
91500,135.3,705,1948,4,1,1,Edwards
180000,120.6,1040,1985,3,2,2,Sawyer_West
209000,237.7,1127,1989,4,2,2,Sawyer_West
215000,177.5,888,1993,3,2,2,Sawyer_West
224500,133.8,843,1993,2,2,4,Sawyer_West
229800,174.3,1022,2005,3,2,3,College_Creek
183600,112.2,696,2005,2,2,2,College_Creek
194000,113.3,688,2006,2,2,2,College_Creek
193879,120.2,628,2006,2,2,2,College_Creek
221500,149.9,1041,2005,3,2,3,College_Creek
204900,139.2,835,2006,2,2,2,College_Creek
239799,182.3,814,2006,3,2,3,College_Creek
233555,171.5,1243,2006,3,2,2,College_Creek
260000,161.1,1082,2005,3,2,2,College_Creek
294900,147.7,1082,2005,2,2,3,College_Creek
209700,168.1,1020,2005,3,2,2,College_Creek
225000,149.9,865,2005,3,2,2,College_Creek
181000,148.3,865,2005,3,2,2,College_Creek
220000,177.9,933,1992,3,2,2,Sawyer_West
190000,147,3391,1964,4,2,2,Clear_Creek
180000,91.8,1993,1969,1,1,2,Clear_Creek
280000,142.4,6574,1975,2,2,2,Clear_Creek
158900,128.9,1115,1968,3,2,2,Clear_Creek
148000,84.9,822,1996,2,1,2,College_Creek
145000,102.2,1209,1996,3,1,2,College_Creek
187000,139.3,1155,1995,3,2,2,College_Creek
193000,132.4,807,1998,3,2,2,College_Creek
156000,92,1260,1995,3,1,2,College_Creek
235000,141.7,845,2000,3,2,2,College_Creek
217000,138.8,858,1997,3,2,2,College_Creek
214000,147.5,954,1999,3,2,2,College_Creek
196000,162.5,861,1999,3,2,2,College_Creek
217000,165.3,1247,1999,3,2,2,College_Creek
200000,172.9,1250,2002,3,2,2,College_Creek
192500,165,1301,2002,3,2,2,College_Creek
205000,143.2,1273,2001,3,2,3,College_Creek
132500,88.6,1001,1976,3,1,2,College_Creek
157500,128.9,775,1977,3,1,1,College_Creek
174000,119.1,965,1978,3,2,3,College_Creek
128500,90.2,922,1969,3,1,1,College_Creek
128500,80.3,888,1972,3,1,1,College_Creek
149900,83.1,910,1972,3,1,2,College_Creek
119900,80.3,669,1972,3,1,1,College_Creek
137000,122.6,336,1993,3,2,2,Landmark
255000,184.8,1056,2002,3,2,2,College_Creek
222000,163.7,922,2002,3,2,2,College_Creek
214000,163,880,1999,3,2,2,College_Creek
220000,126.2,1030,2002,1,1,2,College_Creek
275000,166,1373,2001,3,2,3,College_Creek
197000,177.3,811,2002,4,2,2,College_Creek
230000,153.7,755,2002,3,2,3,College_Creek
268500,205.7,982,1999,3,2,3,College_Creek
210900,190.4,2000,1996,4,2,2,College_Creek
227000,180.1,1045,1998,3,2,3,College_Creek
237000,185.3,1045,1995,4,2,2,College_Creek
274300,194.8,906,1998,3,2,2,College_Creek
216837,170.6,845,2004,3,2,2,College_Creek
133000,78.8,412,2003,1,1,2,College_Creek
155900,78.8,412,2004,1,1,2,College_Creek
233230,178.3,1450,2006,3,2,2,College_Creek
207000,129.1,818,2003,3,2,2,College_Creek
195000,181,1151,2004,4,2,2,College_Creek
200000,157.9,849,2003,3,2,2,College_Creek
203160,161.4,797,2006,3,2,2,College_Creek
195800,149.7,780,2005,3,2,2,College_Creek
212900,144.2,937,2005,3,2,3,College_Creek
196500,159.8,1082,2004,3,2,2,College_Creek
198000,124.1,815,2005,3,2,2,College_Creek
173900,139.3,822,2005,3,2,2,College_Creek
163990,135.3,786,2005,3,2,2,College_Creek
164990,121.7,814,2005,3,2,2,College_Creek
98000,133.4,815,1910,3,2,2,Edwards
149900,136.2,1649,1959,3,1,2,Edwards
102000,113.3,825,1951,2,1,2,Edwards
127500,94,728,1975,4,2,0,Edwards
127500,91,873,1975,4,2,0,Edwards
119900,109.3,1499,1969,2,1,1,Edwards
196500,160.2,665,2003,3,2,2,Edwards
117250,84.9,748,2002,2,1,0,Edwards
229000,215,1027,2003,3,2,2,Edwards
145000,99.6,341,2005,2,1,2,Edwards
140000,99.6,341,2005,2,2,2,Edwards
142500,99.6,341,2005,2,1,2,Edwards
134000,158.8,234,2004,3,2,2,Edwards
130000,158.8,234,2004,3,2,2,Edwards
130000,158.8,234,2004,3,2,2,Edwards
137500,158.8,234,2004,3,2,2,Edwards
130000,158.7,312,2004,3,2,2,Edwards
97900,87,646,1948,3,1,1,Edwards
92000,124.3,727,1915,3,2,2,Edwards
107000,155.1,809,1924,4,1,1,Edwards
81000,110,781,1910,5,1,0,Edwards
104900,113.4,905,1924,4,1,1,Edwards
115000,80.3,759,1955,2,1,2,Edwards
125000,137.7,1488,1954,3,2,2,Edwards
116000,116.1,766,1918,3,1,1,Edwards
83000,131.4,766,1922,3,1,0,Edwards
118500,207.2,576,1912,5,1,1,South_and_West_of_Iowa_State_University
35000,46.3,751,1922,1,1,1,Edwards
121000,118.3,1058,1910,3,1,1,Edwards
160000,179.1,658,1916,5,2,0,South_and_West_of_Iowa_State_University
140000,148.2,780,1940,2,1,1,South_and_West_of_Iowa_State_University
137000,144.1,1012,1938,3,2,1,South_and_West_of_Iowa_State_University
128000,124.5,597,1945,3,1,1,South_and_West_of_Iowa_State_University
160000,137.4,650,1926,3,1,1,South_and_West_of_Iowa_State_University
138887,165.7,1220,1914,4,1,1,Crawford
149000,140.3,455,1920,3,1,1,South_and_West_of_Iowa_State_University
102000,141.4,557,1926,4,2,0,South_and_West_of_Iowa_State_University
167000,152,873,1919,4,1,1,Crawford
200100,167.4,705,1920,4,1,1,Crawford
131000,136.1,944,1939,3,2,1,South_and_West_of_Iowa_State_University
112000,119.7,575,1941,4,1,1,South_and_West_of_Iowa_State_University
140000,159.5,887,1915,3,1,3,Crawford
195000,144,2023,1920,3,1,1,Crawford
230000,140.9,1062,1929,3,1,2,Crawford
194000,159.5,1152,1940,2,1,1,Crawford
137500,109.6,1078,1922,2,1,1,Crawford
250000,191.1,1068,1936,3,1,1,Crawford
218000,155.2,759,1929,4,2,2,Crawford
239000,217.9,1538,1932,4,2,2,Crawford
199500,149.5,1145,1932,3,1,3,Crawford
210000,167.3,1320,1930,3,1,2,Crawford
230000,168.2,1311,1956,2,1,2,Crawford
217500,153,1206,1977,3,2,2,Crawford
257000,215.1,1449,1950,4,2,1,Crawford
157000,124.1,1463,1953,2,1,1,Crawford
223000,171.3,1522,1969,3,2,2,Crawford
102000,90.7,677,1942,2,1,1,Iowa_DOT_and_Rail_Road
145400,119.4,650,1926,3,1,2,Iowa_DOT_and_Rail_Road
72000,62.4,793,1925,2,1,0,Iowa_DOT_and_Rail_Road
85000,59.5,653,1925,2,1,1,Iowa_DOT_and_Rail_Road
106500,88.3,814,1936,2,1,1,Iowa_DOT_and_Rail_Road
139000,152.2,842,1957,4,2,1,Iowa_DOT_and_Rail_Road
108000,124.1,1026,1920,3,1,1,Iowa_DOT_and_Rail_Road
51689,67.7,1149,1945,2,1,0,Iowa_DOT_and_Rail_Road
35311,44.6,836,1949,1,0,1,Iowa_DOT_and_Rail_Road
115000,129.7,836,1951,4,2,0,Iowa_DOT_and_Rail_Road
78000,87,792,1916,2,1,0,Iowa_DOT_and_Rail_Road
375000,165.2,534,2005,2,2,2,Crawford
300000,152.9,357,2004,2,2,2,Crawford
242500,151,2191,1979,3,2,2,Mitchell
145000,154.6,779,1978,4,2,2,Mitchell
209000,138.5,847,2001,3,2,2,Mitchell
135000,93.3,978,1977,2,1,2,Mitchell
148000,112.4,1029,1975,3,2,2,Mitchell
171000,182,1028,1988,5,3,3,Mitchell
335000,234,2432,1989,4,2,2,Timberland
230000,120.3,765,1986,2,2,1,Green_Hills
250764,153.3,4654,1958,2,1,2,Timberland
228000,158.6,1549,1981,2,2,2,Timberland
176000,105.6,1283,1987,2,2,2,Timberland
180000,124.4,748,1990,2,2,2,Timberland
250000,233.6,1038,1990,4,2,2,Timberland
202000,130.3,752,2000,2,2,2,Timberland
312500,167.2,1331,2002,3,2,3,Timberland
320000,182.1,1265,2005,3,2,3,Timberland
369900,188.4,1063,2005,2,2,3,Timberland
359900,170.8,1076,2005,3,2,3,Timberland
81500,148.6,2903,1951,3,1,1,Mitchell
215000,127.1,652,1997,2,2,4,Mitchell
164000,113,418,1998,2,2,2,Mitchell
153500,124.2,418,1998,2,2,2,Mitchell
84500,105.9,1599,2006,3,1,0,Mitchell
104500,121.1,248,1977,3,1,1,Meadow_Village
127000,137,248,1977,4,2,1,Meadow_Village
151400,234.2,368,1973,5,2,2,Meadow_Village
126500,81.2,945,1968,3,1,1,Mitchell
146500,153.5,1100,1970,4,2,3,Mitchell
73000,58.5,137,1970,1,1,0,Meadow_Village
79400,101.4,138,1972,3,1,1,Meadow_Village
140000,126.3,1243,1969,3,1,1,Mitchell
92000,58.5,142,1970,1,1,0,Meadow_Village
87550,101.4,142,1970,3,1,1,Meadow_Village
79500,101.4,142,1970,3,1,0,Meadow_Village
90500,101.4,180,1970,3,1,0,Meadow_Village
71000,101.4,176,1970,3,1,1,Meadow_Village
150900,160.5,1174,1976,4,2,2,Mitchell
188000,160.5,864,1976,4,2,2,Mitchell
160000,104.6,1616,1977,3,2,2,Mitchell
131000,113.7,1858,1960,4,1,2,Mitchell
142500,93.2,737,1984,3,1,2,Mitchell
131000,83.8,825,1983,2,1,2,Mitchell
132000,90.1,970,1992,3,1,0,Mitchell
170000,129,930,1974,2,1,2,Mitchell
188000,185.8,894,1993,3,2,3,Mitchell
